school_name,division,conference,athletics_base_url,roster_url,stats_url,last_scraped,scrape_priority
Abilene Christian,D1,WAC,https://acusports.com,/sports/baseball/roster,/sports/baseball/stats,,high
Air Force,D1,MWC,https://goairforcefalcons.com,/sports/baseball/roster,/sports/baseball/stats,,high
Alabama,D1,SEC,https://rolltide.com,/sports/baseball/roster,/sports/baseball/stats,,high
Alabama St.,D1,SWAC,https://bamastatesports.com,/sports/baseball/roster,/sports/baseball/stats,,high
Alcorn,D1,SWAC,https://alcornsports.com,/sports/baseball/roster,/sports/baseball/stats,,high
App State,D1,Sun Belt,https://appstatesports.com,/sports/baseball/roster,/sports/baseball/stats,,high
Arizona,D1,Big 12,https://arizonawildcats.com,/sports/baseball/roster,/sports/baseball/stats,,high
Arizona St.,D1,Big 12,https://thesundevils.com,/sports/baseball/roster,/sports/baseball/stats,,high
Arkansas,D1,SEC,https://arkansasrazorbacks.com,/sport/m-basebl/roster/,https://arkansasrazorbacks.com/stats/baseball/2026/teamcume.htm,,high
Army,D1,Patriot,https://goarmywestpoint.com,/sports/baseball/roster,/sports/baseball/stats,,high
Auburn,D1,SEC,https://auburntigers.com,/sports/baseball/roster,/sports/baseball/stats,,high
BYU,D1,Big 12,https://byucougars.com,/sports/baseball/roster,/sports/baseball/stats,,high
Ball St.,D1,MAC,https://ballstatesports.com,/sports/baseball/roster,/sports/baseball/stats,,high
Baylor,D1,Big 12,https://baylorbears.com,/sports/baseball/roster,/sports/baseball/stats,,high
Belmont,D1,OVC,https://belmontbruins.com,/sports/baseball/roster,/sports/baseball/stats,,high
Binghamton,D1,America East,https://bubearcats.com,/sports/baseball/roster,/sports/baseball/stats,,high
Boston College,D1,ACC,https://bceagles.com,/sports/baseball/roster,/sports/baseball/stats,,high
Bowling Green,D1,MAC,https://bgsufalcons.com,/sports/baseball/roster,/sports/baseball/stats,,high
Bradley,D1,MVC,https://bradleybraves.com,/sports/baseball/roster,/sports/baseball/stats,,high
Brown,D1,Ivy,https://brownbears.com,/sports/baseball/roster,/sports/baseball/stats,,high
Bucknell,D1,Patriot,https://bucknellbison.com,/sports/baseball/roster,/sports/baseball/stats,,high
Butler,D1,Big East,https://butlersports.com,/sports/baseball/roster,/sports/baseball/stats,,high
Cal,D1,ACC,https://calbears.com,/sports/baseball/roster,/sports/baseball/stats,,high
Cal Poly,D1,Big West,https://gopoly.com,/sports/baseball/roster,/sports/baseball/stats,,high
Cal St. Fullerton,D1,Big West,https://fullertontitans.com,/sports/baseball/roster,/sports/baseball/stats,,high
Cal St. Northridge,D1,Big West,https://gomatadors.com,/sports/baseball/roster,/sports/baseball/stats,,high
Campbell,D1,Big South,https://gocamels.com,/sports/baseball/roster,/sports/baseball/stats,,high
Canisius,D1,MAAC,https://gogriffs.com,/sports/baseball/roster,/sports/baseball/stats,,high
Central Arkansas,D1,ASUN,https://ucasports.com,/sports/baseball/roster,/sports/baseball/stats,,high
Central Connecticut,D1,NEC,https://ccsubluedevils.com,/sports/baseball/roster,/sports/baseball/stats,,high
Central Michigan,D1,MAC,https://cmuchippewas.com,/sports/baseball/roster,/sports/baseball/stats,,high
Charleston Southern,D1,Big South,https://csusports.com,/sports/baseball/roster,/sports/baseball/stats,,high
Charlotte,D1,AAC,https://charlotte49ers.com,/sports/baseball/roster,/sports/baseball/stats,,high
Cincinnati,D1,Big 12,https://gobearcats.com,/sports/baseball/roster,/sports/baseball/stats,,high
Clemson,D1,ACC,https://clemsontigers.com,/sports/baseball/roster,https://data.clemsontigers.com/Stats/Baseball/2026/teamcume.htm,,high
Coastal Carolina,D1,Sun Belt,https://goccusports.com,/sports/baseball/roster,/sports/baseball/stats,,high
College of Charleston,D1,CAA,https://cofcsports.com,/sports/baseball/roster,/sports/baseball/stats,,high
Colorado,D1,Big 12,https://cubuffs.com,/sports/baseball/roster,/sports/baseball/stats,,high
Columbia,D1,Ivy,https://gocolumbialions.com,/sports/baseball/roster,/sports/baseball/stats,,high
Connecticut,D1,Big East,https://uconnhuskies.com,/sports/baseball/roster,/sports/baseball/stats,,high
Coppin St.,D1,MEAC,https://coppinstatesports.com,/sports/baseball/roster,/sports/baseball/stats,,high
Cornell,D1,Ivy,https://cornellbigred.com,/sports/baseball/roster,/sports/baseball/stats,,high
Creighton,D1,Big East,https://gocreighton.com,/sports/baseball/roster,/sports/baseball/stats,,high
Dallas Baptist,D1,MVC,https://dbupatriots.com,/sports/baseball/roster,/sports/baseball/stats,,high
Dartmouth,D1,Ivy,https://dartmouthsports.com,/sports/baseball/roster,/sports/baseball/stats,,high
Dayton,D1,A-10,https://daytonflyers.com,/sports/baseball/roster,/sports/baseball/stats,,high
Delaware,D1,CAA,https://bluehens.com,/sports/baseball/roster,/sports/baseball/stats,,high
Delaware St.,D1,MEAC,https://dsuhornets.com,/sports/baseball/roster,/sports/baseball/stats,,high
Duke,D1,ACC,https://goduke.com,/sports/baseball/roster,/sports/baseball/stats,,high
ETSU,D1,SoCon,https://etsubucs.com,/sports/baseball/roster,/sports/baseball/stats,,high
East Carolina,D1,AAC,https://ecupirates.com,/sports/baseball/roster,/sports/baseball/stats,,high
Eastern Illinois,D1,OVC,https://eiupanthers.com,/sports/baseball/roster,/sports/baseball/stats,,high
Eastern Kentucky,D1,ASUN,https://ekusports.com,/sports/baseball/roster,/sports/baseball/stats,,high
Eastern Michigan,D1,MAC,https://emueagles.com,/sports/baseball/roster,/sports/baseball/stats,,high
Elon,D1,CAA,https://elonphoenix.com,/sports/baseball/roster,/sports/baseball/stats,,high
Evansville,D1,MVC,https://gopurpleaces.com,/sports/baseball/roster,/sports/baseball/stats,,high
FIU,D1,C-USA,https://fiusports.com,/sports/baseball/roster,/sports/baseball/stats,,high
Fairfield,D1,MAAC,https://fairfieldstags.com,/sports/baseball/roster,/sports/baseball/stats,,high
Fairleigh Dickinson,D1,NEC,https://fduknights.com,/sports/baseball/roster,/sports/baseball/stats,,high
Florida,D1,SEC,https://floridagators.com,/sports/baseball/roster,/sports/baseball/stats,,high
Florida Gulf Coast,D1,ASUN,https://fgcuathletics.com,/sports/baseball/roster,/sports/baseball/stats,,high
Florida St.,D1,ACC,https://seminoles.com,/sports/baseball/roster,/sports/baseball/stats,,high
Fresno St.,D1,MWC,https://gobulldogs.com,/sports/baseball/roster,/sports/baseball/stats,,high
Furman,D1,SoCon,https://furmanpaladins.com,/sports/baseball/roster,/sports/baseball/stats,,high
Gardner-Webb,D1,Big South,https://gwusports.com,/sports/baseball/roster,/sports/baseball/stats,,high
George Mason,D1,A-10,https://gomason.com,/sports/baseball/roster,/sports/baseball/stats,,high
George Washington,D1,A-10,https://gwsports.com,/sports/baseball/roster,/sports/baseball/stats,,high
Georgetown,D1,Big East,https://guhoyas.com,/sports/baseball/roster,/sports/baseball/stats,,high
Georgia,D1,SEC,https://georgiadogs.com,/sports/baseball/roster,/sports/baseball/stats,,high
Georgia Southern,D1,Sun Belt,https://gseagles.com,/sports/baseball/roster,/sports/baseball/stats,,high
Georgia St.,D1,Sun Belt,https://georgiastatesports.com,/sports/baseball/roster,/sports/baseball/stats,,high
Georgia Tech,D1,ACC,https://ramblinwreck.com,/sports/m-basebl/roster/,/sports/baseball/stats,,high
Gonzaga,D1,WCC,https://gozags.com,/sports/baseball/roster,/sports/baseball/stats,,high
Grambling,D1,SWAC,https://gsutigers.com,/sports/baseball/roster,/sports/baseball/stats,,high
Grand Canyon,D1,WAC,https://gculopes.com,/sports/baseball/roster,/sports/baseball/stats,,high
Hartford,D1,America East,https://hartfordhawks.com,/sports/baseball/roster,/sports/baseball/stats,,high
Harvard,D1,Ivy,https://gocrimson.com,/sports/baseball/roster,/sports/baseball/stats,,high
Hawaii,D1,Big West,https://hawaiiathletics.com,/sports/baseball/roster,/sports/baseball/stats,,high
High Point,D1,Big South,https://highpointpanthers.com,/sports/baseball/roster,/sports/baseball/stats,,high
Hofstra,D1,CAA,https://gohofstra.com,/sports/baseball/roster,/sports/baseball/stats,,high
Holy Cross,D1,Patriot,https://goholycross.com,/sports/baseball/roster,/sports/baseball/stats,,high
Houston,D1,Big 12,https://uhcougars.com,/sports/baseball/roster,/sports/baseball/stats,,high
Houston Christian,D1,Southland,https://hcuhuskies.com,/sports/baseball/roster,/sports/baseball/stats,,high
Illinois,D1,Big Ten,https://fightingillini.com,/sports/baseball/roster,/sports/baseball/stats,,high
Illinois St.,D1,MVC,https://goredbirds.com,/sports/baseball/roster,/sports/baseball/stats,,high
Incarnate Word,D1,Southland,https://uiwcardinals.com,/sports/baseball/roster,/sports/baseball/stats,,high
Indiana,D1,Big Ten,https://iuhoosiers.com,/sports/baseball/roster,/sports/baseball/stats,,high
Indiana St.,D1,MVC,https://gosycamores.com,/sports/baseball/roster,/sports/baseball/stats,,high
Iona,D1,MAAC,https://icgaels.com,/sports/baseball/roster,/sports/baseball/stats,,high
Iowa,D1,Big Ten,https://hawkeyesports.com,/sports/baseball/roster,/sports/baseball/stats,,high
Iowa St.,D1,Big 12,https://cyclones.com,/sports/baseball/roster,/sports/baseball/stats,,high
Jackson St.,D1,SWAC,https://gojsutigers.com,/sports/baseball/roster,/sports/baseball/stats,,high
Jacksonville,D1,ASUN,https://judolphins.com,/sports/baseball/roster,/sports/baseball/stats,,high
Jacksonville St.,D1,C-USA,https://jsugamecocksports.com,/sports/baseball/roster,/sports/baseball/stats,,high
Kansas,D1,Big 12,https://kuathletics.com,/sports/baseball/roster,/sports/baseball/stats,,high
Kansas St.,D1,Big 12,https://kstatesports.com,/sports/baseball/roster,/sports/baseball/stats,,high
Kennesaw St.,D1,ASUN,https://ksuowls.com,/sports/baseball/roster,/sports/baseball/stats,,high
Kent St.,D1,MAC,https://kentstatesports.com,/sports/baseball/roster,/sports/baseball/stats,,high
Kentucky,D1,SEC,https://ukathletics.com,/sports/baseball/roster,/sports/baseball/stats,,high
LIU,D1,NEC,https://liuathletics.com,/sports/baseball/roster,/sports/baseball/stats,,high
LMU,D1,WCC,https://lmulions.com,/sports/baseball/roster,/sports/baseball/stats,,high
LSU,D1,SEC,https://lsusports.net,/sports/baseball/roster,/sports/baseball/stats,,high
La Salle,D1,A-10,https://goexplorers.com,/sports/baseball/roster,/sports/baseball/stats,,high
Lafayette,D1,Patriot,https://goleopards.com,/sports/baseball/roster,/sports/baseball/stats,,high
Lamar,D1,Southland,https://lamarcardinals.com,/sports/baseball/roster,/sports/baseball/stats,,high
Le Moyne,D1,NEC,https://lemoynedolphins.com,/sports/baseball/roster,/sports/baseball/stats,,high
Lehigh,D1,Patriot,https://lehighsports.com,/sports/baseball/roster,/sports/baseball/stats,,high
Liberty,D1,C-USA,https://libertyflames.com,/sports/baseball/roster,/sports/baseball/stats,,high
Lipscomb,D1,ASUN,https://lipscombsports.com,/sports/baseball/roster,/sports/baseball/stats,,high
Long Beach St.,D1,Big West,https://longbeachstate.com,/sports/baseball/roster,/sports/baseball/stats,,high
Longwood,D1,Big South,https://longwoodlancers.com,/sports/baseball/roster,/sports/baseball/stats,,high
Louisiana,D1,Sun Belt,https://ragincajuns.com,/sports/baseball/roster,/sports/baseball/stats,,high
Louisiana Tech,D1,C-USA,https://latechsports.com,/sports/baseball/roster,/sports/baseball/stats,,high
Louisville,D1,ACC,https://gocards.com,/sports/baseball/roster,/sports/baseball/stats,,high
Maine,D1,America East,https://goblackbears.com,/sports/baseball/roster,/sports/baseball/stats,,high
Manhattan,D1,MAAC,https://gojaspers.com,/sports/baseball/roster,/sports/baseball/stats,,high
Marist,D1,MAAC,https://goredfoxes.com,/sports/baseball/roster,/sports/baseball/stats,,high
Marshall,D1,Sun Belt,https://herdzone.com,/sports/baseball/roster,/sports/baseball/stats,,high
Maryland,D1,Big Ten,https://umterps.com,/sports/baseball/roster,/sports/baseball/stats,,high
McNeese,D1,Southland,https://mcneesesports.com,/sports/baseball/roster,/sports/baseball/stats,,high
Memphis,D1,AAC,https://gotigersgo.com,/sports/baseball/roster,/sports/baseball/stats,,high
Mercer,D1,SoCon,https://mercerbears.com,/sports/baseball/roster,/sports/baseball/stats,,high
Merrimack,D1,NEC,https://merrimackathletics.com,/sports/baseball/roster,/sports/baseball/stats,,high
Miami (FL),D1,ACC,https://miamihurricanes.com,/sports/baseball/roster,/sports/baseball/stats,,high
Miami (OH),D1,MAC,https://miamiredhawks.com,/sports/baseball/roster,/sports/baseball/stats,,high
Michigan,D1,Big Ten,https://mgoblue.com,/sports/baseball/roster,/sports/baseball/stats,,high
Michigan St.,D1,Big Ten,https://msuspartans.com,/sports/baseball/roster,/sports/baseball/stats,,high
Middle Tennessee,D1,C-USA,https://goblueraiders.com,/sports/baseball/roster,/sports/baseball/stats,,high
Milwaukee,D1,Horizon,https://mkepanthers.com,/sports/baseball/roster,/sports/baseball/stats,,high
Minnesota,D1,Big Ten,https://gophersports.com,/sports/baseball/roster,/sports/baseball/stats,,high
Mississippi St.,D1,SEC,https://hailstate.com,/sports/baseball/roster,/sports/baseball/stats,,high
Missouri,D1,SEC,https://mutigers.com,/sports/baseball/roster,/sports/baseball/stats,,high
Missouri St.,D1,MVC,https://missouristatebears.com,/sports/baseball/roster,/sports/baseball/stats,,high
Morehead St.,D1,OVC,https://msueagles.com,/sports/baseball/roster,/sports/baseball/stats,,high
Murray St.,D1,OVC,https://goracers.com,/sports/baseball/roster,/sports/baseball/stats,,high
NC State,D1,ACC,https://gopack.com,/sports/baseball/roster,/sports/baseball/stats,,high
Navy,D1,AAC,https://navysports.com,/sports/baseball/roster,/sports/baseball/stats,,high
Nebraska,D1,Big Ten,https://huskers.com,/sports/baseball/roster,/sports/baseball/stats,,high
Nevada,D1,MWC,https://nevadawolfpack.com,/sports/baseball/roster,/sports/baseball/stats,,high
New Mexico,D1,MWC,https://golobos.com,/sports/baseball/roster,/sports/baseball/stats,,high
New Mexico St.,D1,C-USA,https://nmstatesports.com,/sports/baseball/roster,/sports/baseball/stats,,high
New Orleans,D1,Southland,https://unoprivateers.com,/sports/baseball/roster,/sports/baseball/stats,,high
Niagara,D1,MAAC,https://purpleeagles.com,/sports/baseball/roster,/sports/baseball/stats,,high
Nicholls,D1,Southland,https://geauxcolonels.com,/sports/baseball/roster,/sports/baseball/stats,,high
Norfolk St.,D1,MEAC,https://nsuspartans.com,/sports/baseball/roster,/sports/baseball/stats,,high
North Alabama,D1,ASUN,https://roarlions.com,/sports/baseball/roster,/sports/baseball/stats,,high
North Carolina,D1,ACC,https://goheels.com,/sports/baseball/roster,/sports/baseball/stats,,high
North Dakota St.,D1,Summit,https://gobison.com,/sports/baseball/roster,/sports/baseball/stats,,high
Northeastern,D1,CAA,https://nuhuskies.com,/sports/baseball/roster,/sports/baseball/stats,,high
Northern Illinois,D1,MAC,https://niuhuskies.com,/sports/baseball/roster,/sports/baseball/stats,,high
Northern Kentucky,D1,Horizon,https://nkunorse.com,/sports/baseball/roster,/sports/baseball/stats,,high
Northwestern,D1,Big Ten,https://nusports.com,/sports/baseball/roster,/sports/baseball/stats,,high
Northwestern St.,D1,Southland,https://naborssports.com,/sports/baseball/roster,/sports/baseball/stats,,high
Notre Dame,D1,ACC,https://und.com,/sports/baseball/roster,/sports/baseball/stats,,high
Oakland,D1,Horizon,https://goldengrizzlies.com,/sports/baseball/roster,/sports/baseball/stats,,high
Ohio,D1,MAC,https://ohiobobcats.com,/sports/baseball/roster,/sports/baseball/stats,,high
Ohio St.,D1,Big Ten,https://ohiostatebuckeyes.com,/sports/baseball/roster,/sports/baseball/stats,,high
Oklahoma,D1,SEC,https://soonersports.com,/sports/baseball/roster,/sports/baseball/stats,,high
Oklahoma St.,D1,Big 12,https://okstate.com,/sports/baseball/roster,/sports/baseball/stats,,high
Old Dominion,D1,Sun Belt,https://odusports.com,/sports/baseball/roster,/sports/baseball/stats,,high
Ole Miss,D1,SEC,https://olemisssports.com,/sports/baseball/roster,/sports/baseball/stats,,high
Omaha,D1,Summit,https://omavs.com,/sports/baseball/roster,/sports/baseball/stats,,high
Oral Roberts,D1,Summit,https://oruathletics.com,/sports/baseball/roster,/sports/baseball/stats,,high
Oregon,D1,Big Ten,https://goducks.com,/sports/baseball/roster,/sports/baseball/stats,,high
Oregon St.,D1,Big Ten,https://osubeavers.com,/sports/baseball/roster,/sports/baseball/stats,,high
Pacific,D1,WCC,https://pacifictigers.com,/sports/baseball/roster,/sports/baseball/stats,,high
Penn,D1,Ivy,https://pennathletics.com,/sports/baseball/roster,/sports/baseball/stats,,high
Penn St.,D1,Big Ten,https://gopsusports.com,/sports/baseball/roster,/sports/baseball/stats,,high
Pepperdine,D1,WCC,https://pepperdinewaves.com,/sports/baseball/roster,/sports/baseball/stats,,high
Pittsburgh,D1,ACC,https://pittsburghpanthers.com,/sports/baseball/roster,/sports/baseball/stats,,high
Portland,D1,WCC,https://portlandpilots.com,/sports/baseball/roster,/sports/baseball/stats,,high
Prairie View A&M,D1,SWAC,https://pvpanthers.com,/sports/baseball/roster,/sports/baseball/stats,,high
Presbyterian,D1,Big South,https://gobluehose.com,/sports/baseball/roster,/sports/baseball/stats,,high
Princeton,D1,Ivy,https://goprincetontigers.com,/sports/baseball/roster,/sports/baseball/stats,,high
Providence,D1,Big East,https://friars.com,/sports/baseball/roster,/sports/baseball/stats,,high
Purdue,D1,Big Ten,https://purduesports.com,/sports/baseball/roster,/sports/baseball/stats,,high
Queens,D1,ASUN,https://queensathletics.com,/sports/baseball/roster,/sports/baseball/stats,,high
Quinnipiac,D1,MAAC,https://quinnipiacbobcats.com,/sports/baseball/roster,/sports/baseball/stats,,high
Radford,D1,Big South,https://radfordathletics.com,/sports/baseball/roster,/sports/baseball/stats,,high
Rhode Island,D1,A-10,https://gorhody.com,/sports/baseball/roster,/sports/baseball/stats,,high
Rice,D1,AAC,https://riceowls.com,/sports/baseball/roster,/sports/baseball/stats,,high
Richmond,D1,A-10,https://richmondspiders.com,/sports/baseball/roster,/sports/baseball/stats,,high
Rider,D1,MAAC,https://gobroncs.com,/sports/baseball/roster,/sports/baseball/stats,,high
Rutgers,D1,Big Ten,https://scarletknights.com,/sports/baseball/roster,/sports/baseball/stats,,high
SE Missouri,D1,OVC,https://gosoutheast.com,/sports/baseball/roster,/sports/baseball/stats,,high
SIU Edwardsville,D1,OVC,https://siuecougars.com,/sports/baseball/roster,/sports/baseball/stats,,high
SMU,D1,ACC,https://smumustangs.com,/sports/baseball/roster,/sports/baseball/stats,,high
Sacred Heart,D1,NEC,https://sacredheartpioneers.com,/sports/baseball/roster,/sports/baseball/stats,,high
Saint Louis,D1,A-10,https://slubillikens.com,/sports/baseball/roster,/sports/baseball/stats,,high
Sam Houston,D1,C-USA,https://gobearkats.com,/sports/baseball/roster,/sports/baseball/stats,,high
Samford,D1,SoCon,https://samfordsports.com,/sports/baseball/roster,/sports/baseball/stats,,high
San Diego,D1,WCC,https://usdtoreros.com,/sports/baseball/roster,/sports/baseball/stats,,high
San Diego St.,D1,MWC,https://goaztecs.com,/sports/baseball/roster,/sports/baseball/stats,,high
San Francisco,D1,WCC,https://usfdons.com,/sports/baseball/roster,/sports/baseball/stats,,high
San Jose St.,D1,MWC,https://sjsuspartans.com,/sports/baseball/roster,/sports/baseball/stats,,high
Santa Clara,D1,WCC,https://santaclarabroncos.com,/sports/baseball/roster,/sports/baseball/stats,,high
Seattle U,D1,WAC,https://goseattleu.com,/sports/baseball/roster,/sports/baseball/stats,,high
Seton Hall,D1,Big East,https://shupirates.com,/sports/baseball/roster,/sports/baseball/stats,,high
South Alabama,D1,Sun Belt,https://usajaguars.com,/sports/baseball/roster,/sports/baseball/stats,,high
South Carolina,D1,SEC,https://gamecocksonline.com,/sports/baseball/roster,/sports/baseball/stats,,high
South Dakota St.,D1,Summit,https://gojacks.com,/sports/baseball/roster,/sports/baseball/stats,,high
South Florida,D1,AAC,https://gousfbulls.com,/sports/baseball/roster,/sports/baseball/stats,,high
Southeastern Louisiana,D1,Southland,https://lionsports.net,/sports/baseball/roster,/sports/baseball/stats,,high
Southern,D1,SWAC,https://gojagsports.com,/sports/baseball/roster,/sports/baseball/stats,,high
Southern Illinois,D1,MVC,https://siusalukis.com,/sports/baseball/roster,/sports/baseball/stats,,high
Southern Miss,D1,Sun Belt,https://southernmiss.com,/sports/baseball/roster,/sports/baseball/stats,,high
St. Francis (PA),D1,NEC,https://sfuathletics.com,/sports/baseball/roster,/sports/baseball/stats,,high
St. John's,D1,Big East,https://redstormsports.com,/sports/baseball/roster,/sports/baseball/stats,,high
St. Peter's,D1,MAAC,https://saintpeterspeacocks.com,/sports/baseball/roster,/sports/baseball/stats,,high
Stanford,D1,ACC,https://gostanford.com,/sports/baseball/roster,/sports/baseball/stats,,high
Stetson,D1,ASUN,https://gohatters.com,/sports/baseball/roster,/sports/baseball/stats,,high
Stony Brook,D1,CAA,https://stonybrookathletics.com,/sports/baseball/roster,/sports/baseball/stats,,high
TCU,D1,Big 12,https://gofrogs.com,/sports/baseball/roster,/sports/baseball/stats,,high
Tarleton,D1,WAC,https://tarletonsports.com,/sports/baseball/roster,/sports/baseball/stats,,high
Tennessee,D1,SEC,https://utsports.com,/sports/baseball/roster,/sports/baseball/stats,,high
Texas,D1,SEC,https://texassports.com,/sports/baseball/roster,/sports/baseball/stats,,high
Texas A&M,D1,SEC,https://12thman.com,/sports/baseball/roster,/sports/baseball/stats,,high
Texas A&M-CC,D1,Southland,https://goislanders.com,/sports/baseball/roster,/sports/baseball/stats,,high
Texas Southern,D1,SWAC,https://tsusports.com,/sports/baseball/roster,/sports/baseball/stats,,high
Texas St.,D1,Sun Belt,https://txstatebobcats.com,/sports/baseball/roster,/sports/baseball/stats,,high
Texas Tech,D1,Big 12,https://texastech.com,/sports/baseball/roster,/sports/baseball/stats,,high
The Citadel,D1,SoCon,https://citadelsports.com,/sports/baseball/roster,/sports/baseball/stats,,high
Toledo,D1,MAC,https://utrockets.com,/sports/baseball/roster,/sports/baseball/stats,,high
Troy,D1,Sun Belt,https://troytrojans.com,/sports/baseball/roster,/sports/baseball/stats,,high
Tulane,D1,AAC,https://tulanegreenwave.com,/sports/baseball/roster,/sports/baseball/stats,,high
UC Davis,D1,Big West,https://ucdavisaggies.com,/sports/baseball/roster,/sports/baseball/stats,,high
UC Irvine,D1,Big West,https://ucirvinesports.com,/sports/baseball/roster,/sports/baseball/stats,,high
UC Riverside,D1,Big West,https://gohighlanders.com,/sports/baseball/roster,/sports/baseball/stats,,high
UC San Diego,D1,Big West,https://ucsdtritons.com,/sports/baseball/roster,/sports/baseball/stats,,high
UC Santa Barbara,D1,Big West,https://ucsbgauchos.com,/sports/baseball/roster,/sports/baseball/stats,,high
UCF,D1,Big 12,https://ucfknights.com,/sports/baseball/roster,/sports/baseball/stats,,high
UCLA,D1,Big Ten,https://uclabruins.com,/sports/baseball/roster,/sports/baseball/stats,,high
UL Monroe,D1,Sun Belt,https://ulmwarhawks.com,/sports/baseball/roster,/sports/baseball/stats,,high
UMBC,D1,America East,https://umbcretrievers.com,/sports/baseball/roster,/sports/baseball/stats,,high
UMass Lowell,D1,America East,https://goriverhawks.com,/sports/baseball/roster,/sports/baseball/stats,,high
UNC Asheville,D1,Big South,https://uncabulldogs.com,/sports/baseball/roster,/sports/baseball/stats,,high
UNC Greensboro,D1,SoCon,https://uncgspartans.com,/sports/baseball/roster,/sports/baseball/stats,,high
UNC Wilmington,D1,CAA,https://uncwsports.com,/sports/baseball/roster,/sports/baseball/stats,,high
UNLV,D1,MWC,https://unlvrebels.com,/sports/baseball/roster,/sports/baseball/stats,,high
USC,D1,Big Ten,https://usctrojans.com,/sports/baseball/roster,/sports/baseball/stats,,high
UT Martin,D1,OVC,https://utmsports.com,/sports/baseball/roster,/sports/baseball/stats,,high
UTEP,D1,C-USA,https://utepminers.com,/sports/baseball/roster,/sports/baseball/stats,,high
Utah,D1,Big 12,https://utahutes.com,/sports/baseball/roster,/sports/baseball/stats,,high
Utah Valley,D1,WAC,https://gouvu.com,/sports/baseball/roster,/sports/baseball/stats,,high
VCU,D1,A-10,https://vcuathletics.com,/sports/baseball/roster,/sports/baseball/stats,,high
VMI,D1,SoCon,https://vmikeydets.com,/sports/baseball/roster,/sports/baseball/stats,,high
Valparaiso,D1,MVC,https://valpoathletics.com,/sports/baseball/roster,/sports/baseball/stats,,high
Vanderbilt,D1,SEC,https://vucommodores.com,/sports/baseball/roster,/sports/baseball/stats,,high
Villanova,D1,Big East,https://villanova.com,/sports/baseball/roster,/sports/baseball/stats,,high
Virginia,D1,ACC,https://virginiasports.com,/sports/baseball/roster,/sports/baseball/stats,,high
Virginia Tech,D1,ACC,https://hokiesports.com,/sports/baseball/roster,/sports/baseball/stats,,high
Wagner,D1,NEC,https://wagnerathletics.com,/sports/baseball/roster,/sports/baseball/stats,,high
Wake Forest,D1,ACC,https://godeacs.com,/sports/baseball/roster,/sports/baseball/stats,,high
Washington,D1,Big Ten,https://gohuskies.com,/sports/baseball/roster,/sports/baseball/stats,,high
Washington St.,D1,Pac-12,https://wsucougars.com,/sports/baseball/roster,/sports/baseball/stats,,high
West Virginia,D1,Big 12,https://wvusports.com,/sports/baseball/roster,/sports/baseball/stats,,high
Western Carolina,D1,SoCon,https://catamountsports.com,/sports/baseball/roster,/sports/baseball/stats,,high
Western Illinois,D1,Summit,https://goleathernecks.com,/sports/baseball/roster,/sports/baseball/stats,,high
Western Kentucky,D1,C-USA,https://wkusports.com,/sports/baseball/roster,/sports/baseball/stats,,high
Western Michigan,D1,MAC,https://wmubroncos.com,/sports/baseball/roster,/sports/baseball/stats,,high
Wichita St.,D1,AAC,https://goshockers.com,/sports/baseball/roster,/sports/baseball/stats,,high
William & Mary,D1,CAA,https://tribeathletics.com,/sports/baseball/roster,/sports/baseball/stats,,high
Winthrop,D1,Big South,https://winthropeagles.com,/sports/baseball/roster,/sports/baseball/stats,,high
Wofford,D1,SoCon,https://woffordterriers.com,/sports/baseball/roster,/sports/baseball/stats,,high
Wright St.,D1,Horizon,https://wsuraiders.com,/sports/baseball/roster,/sports/baseball/stats,,high
Xavier,D1,Big East,https://goxavier.com,/sports/baseball/roster,/sports/baseball/stats,,high
Yale,D1,Ivy,https://yalebulldogs.com,/sports/baseball/roster,/sports/baseball/stats,,high
Youngstown St.,D1,Horizon,https://ysusports.com,/sports/baseball/roster,/sports/baseball/stats,,high
Academy of Art,D2,PacWest,https://artusports.com,/sports/baseball/roster,/sports/baseball/stats,,medium
Adams St.,D2,RMAC,https://asugrizzlies.com,/sports/baseball/roster,/sports/baseball/stats,,medium
Adelphi,D2,NE10,https://aupanthers.com,/sports/baseball/roster,/sports/baseball/stats,,medium
Alabama Huntsville,D2,GSC,https://uahchargers.com,/sports/baseball/roster,/sports/baseball/stats,,medium
Albany St. (GA),D2,SIAC,https://asugoldenrams.com,/sports/baseball/roster,/sports/baseball/stats,,medium
Alderson Broaddus,D2,G-MAC,https://abbattlers.com,/sports/baseball/roster,/sports/baseball/stats,,medium
Anderson (SC),D2,SAC,https://andersontrojans.com,/sports/baseball/roster,/sports/baseball/stats,,medium
Angelo St.,D2,LSC,https://angelosports.com,/sports/baseball/roster,/sports/baseball/stats,,medium
Arkansas Tech,D2,GAC,https://arkansastechsports.com,/sports/baseball/roster,/sports/baseball/stats,,medium
Arkansas-Monticello,D2,GAC,https://uamboilweevils.com,/sports/baseball/roster,/sports/baseball/stats,,medium
Ashland,D2,GLIAC,https://goashlandeagles.com,/sports/baseball/roster,/sports/baseball/stats,,medium
Assumption,D2,NE10,https://assumptiongreyhounds.com,/sports/baseball/roster,/sports/baseball/stats,,medium
Auburn Montgomery,D2,GSC,https://aumathletics.com,/sports/baseball/roster,/sports/baseball/stats,,medium
Augusta,D2,PBC,https://augustajags.com,/sports/baseball/roster,/sports/baseball/stats,,medium
Augustana (SD),D2,NSIC,https://goaugie.com,/sports/baseball/roster,/sports/baseball/stats,,medium
Azusa Pacific,D2,PacWest,https://apucougars.com,/sports/baseball/roster,/sports/baseball/stats,,medium
Barry,D2,SSC,https://gobarrybucs.com,/sports/baseball/roster,/sports/baseball/stats,,medium
Barton,D2,Conference Carolinas,https://bartonbulldogs.com,/sports/baseball/roster,/sports/baseball/stats,,medium
Bellarmine,D2,DII Independent,https://bellarmineknights.com,/sports/baseball/roster,/sports/baseball/stats,,medium
Belmont Abbey,D2,Conference Carolinas,https://abbeyathletics.com,/sports/baseball/roster,/sports/baseball/stats,,medium
Bemidji St.,D2,NSIC,https://bsubeavers.com,/sports/baseball/roster,/sports/baseball/stats,,medium
Benedict,D2,SIAC,https://benedicttigers.com,/sports/baseball/roster,/sports/baseball/stats,,medium
Bentley,D2,NE10,https://bentleyfalcons.com,/sports/baseball/roster,/sports/baseball/stats,,medium
Biola,D2,PacWest,https://biolaeagles.com,/sports/baseball/roster,/sports/baseball/stats,,medium
Black Hills St.,D2,RMAC,https://bhsuathletics.com,/sports/baseball/roster,/sports/baseball/stats,,medium
Bloomfield,D2,CACC,https://bloomfieldathletics.com,/sports/baseball/roster,/sports/baseball/stats,,medium
Bloomsburg,D2,PSAC,https://buhuskies.com,/sports/baseball/roster,/sports/baseball/stats,,medium
Bowie St.,D2,CIAA,https://bsubulldogs.com,/sports/baseball/roster,/sports/baseball/stats,,medium
Cal Poly Pomona,D2,CCAA,https://broncoathletics.com,/sports/baseball/roster,/sports/baseball/stats,,medium
Cal St. Dominguez Hills,D2,CCAA,https://gotoros.com,/sports/baseball/roster,/sports/baseball/stats,,medium
Cal St. East Bay,D2,CCAA,https://caborathletics.com,/sports/baseball/roster,/sports/baseball/stats,,medium
Cal St. LA,D2,CCAA,https://calstatela.com/athletics,/sports/baseball/roster,/sports/baseball/stats,,medium
Cal St. Monterey Bay,D2,CCAA,https://otterathletics.com,/sports/baseball/roster,/sports/baseball/stats,,medium
Cal St. San Bernardino,D2,CCAA,https://csusbathletics.com,/sports/baseball/roster,/sports/baseball/stats,,medium
Caldwell,D2,CACC,https://caldwellcougars.com,/sports/baseball/roster,/sports/baseball/stats,,medium
California (PA),D2,PSAC,https://calvulcans.com,/sports/baseball/roster,/sports/baseball/stats,,medium
Cameron,D2,LSC,https://cameronaggies.com,/sports/baseball/roster,/sports/baseball/stats,,medium
Carson-Newman,D2,SAC,https://cneagles.com,/sports/baseball/roster,/sports/baseball/stats,,medium
Catawba,D2,SAC,https://gocatawbaindians.com,/sports/baseball/roster,/sports/baseball/stats,,medium
Cedarville,D2,GLVC,https://cedarvilleyellowjackets.com,/sports/baseball/roster,/sports/baseball/stats,,medium
Central Missouri,D2,MIAA,https://ucmathletics.com,/sports/baseball/roster,/sports/baseball/stats,,medium
Central Oklahoma,D2,MIAA,https://bronchosports.com,/sports/baseball/roster,/sports/baseball/stats,,medium
Central Washington,D2,GNAC,https://wildcatsports.com,/sports/baseball/roster,/sports/baseball/stats,,medium
Chadron St.,D2,RMAC,https://chadroneagles.com,/sports/baseball/roster,/sports/baseball/stats,,medium
Chaminade,D2,PacWest,https://goswords.com,/sports/baseball/roster,/sports/baseball/stats,,medium
Charleston (WV),D2,MEC,https://ucgoldeneagles.com,/sports/baseball/roster,/sports/baseball/stats,,medium
Chico St.,D2,CCAA,https://chicowildcats.com,/sports/baseball/roster,/sports/baseball/stats,,medium
Chowan,D2,Conference Carolinas,https://gocuhawks.com,/sports/baseball/roster,/sports/baseball/stats,,medium
Christian Brothers,D2,GSC,https://cbubucs.com,/sports/baseball/roster,/sports/baseball/stats,,medium
Claflin,D2,CIAA,https://claflinathletics.com,/sports/baseball/roster,/sports/baseball/stats,,medium
Clarion,D2,PSAC,https://clariongoldeneagles.com,/sports/baseball/roster,/sports/baseball/stats,,medium
Clark Atlanta,D2,SIAC,https://caupanthers.com,/sports/baseball/roster,/sports/baseball/stats,,medium
Clayton St.,D2,PBC,https://claytonstatesports.com,/sports/baseball/roster,/sports/baseball/stats,,medium
Coker,D2,SAC,https://cokercobras.com,/sports/baseball/roster,/sports/baseball/stats,,medium
Colorado Christian,D2,RMAC,https://ccucougars.com,/sports/baseball/roster,/sports/baseball/stats,,medium
Colorado Mesa,D2,RMAC,https://cmumavericks.com,/sports/baseball/roster,/sports/baseball/stats,,medium
Colorado School of Mines,D2,RMAC,https://minesathletics.com,/sports/baseball/roster,/sports/baseball/stats,,medium
Colorado St.-Pueblo,D2,RMAC,https://gothunderwolves.com,/sports/baseball/roster,/sports/baseball/stats,,medium
Columbus St.,D2,PBC,https://csucougars.com,/sports/baseball/roster,/sports/baseball/stats,,medium
Concord,D2,MEC,https://concordathletics.com,/sports/baseball/roster,/sports/baseball/stats,,medium
Concordia (NY),D2,CACC,https://concordia-ny.edu/athletics,/sports/baseball/roster,/sports/baseball/stats,,medium
Concordia (OR),D2,GNAC,https://gocucavaliers.com,/sports/baseball/roster,/sports/baseball/stats,,medium
Concordia Irvine,D2,PacWest,https://cuieagles.com,/sports/baseball/roster,/sports/baseball/stats,,medium
Concordia-St. Paul,D2,NSIC,https://caborathletics.com,/sports/baseball/roster,/sports/baseball/stats,,medium
Converse,D2,Conference Carolinas,https://govalkyries.com,/sports/baseball/roster,/sports/baseball/stats,,medium
D'Youville,D2,ECC,https://dyouvillesaints.com,/sports/baseball/roster,/sports/baseball/stats,,medium
Daemen,D2,ECC,https://daemenwildcats.com,/sports/baseball/roster,/sports/baseball/stats,,medium
Dallas Baptist,D2,LSC,https://dbupatriots.com,/sports/baseball/roster,/sports/baseball/stats,,medium
Davenport,D2,GLIAC,https://davenportpanthers.com,/sports/baseball/roster,/sports/baseball/stats,,medium
Davis & Elkins,D2,G-MAC,https://desenatorsathletics.com,/sports/baseball/roster,/sports/baseball/stats,,medium
Delta St.,D2,GSC,https://gostatesmen.com,/sports/baseball/roster,/sports/baseball/stats,,medium
Dominican (CA),D2,PacWest,https://dominicanpenguins.com,/sports/baseball/roster,/sports/baseball/stats,,medium
Dominican (NY),D2,CACC,https://ducharmers.com,/sports/baseball/roster,/sports/baseball/stats,,medium
Drury,D2,GLVC,https://drurypanthers.com,/sports/baseball/roster,/sports/baseball/stats,,medium
East Central,D2,GAC,https://ectigerathletics.com,/sports/baseball/roster,/sports/baseball/stats,,medium
East Stroudsburg,D2,PSAC,https://esuwarriors.com,/sports/baseball/roster,/sports/baseball/stats,,medium
Eastern New Mexico,D2,LSC,https://goeasternathletics.com,/sports/baseball/roster,/sports/baseball/stats,,medium
Eckerd,D2,SSC,https://eckerdtritons.com,/sports/baseball/roster,/sports/baseball/stats,,medium
Edinboro,D2,PSAC,https://gofightingscots.com,/sports/baseball/roster,/sports/baseball/stats,,medium
Elizabeth City St.,D2,CIAA,https://ecsuvikings.com,/sports/baseball/roster,/sports/baseball/stats,,medium
Embry-Riddle,D2,SSC,https://erauathletics.com,/sports/baseball/roster,/sports/baseball/stats,,medium
Emmanuel (GA),D2,Conference Carolinas,https://ecgalions.com,/sports/baseball/roster,/sports/baseball/stats,,medium
Emory & Henry,D2,SAC,https://ehcwasps.com,/sports/baseball/roster,/sports/baseball/stats,,medium
Emporia St.,D2,MIAA,https://gohornetsonline.com,/sports/baseball/roster,/sports/baseball/stats,,medium
Erskine,D2,Conference Carolinas,https://erskinesports.com,/sports/baseball/roster,/sports/baseball/stats,,medium
Fairmont St.,D2,MEC,https://fightingfalcons.com,/sports/baseball/roster,/sports/baseball/stats,,medium
Fayetteville St.,D2,CIAA,https://fsubroncos.com,/sports/baseball/roster,/sports/baseball/stats,,medium
Felician,D2,CACC,https://feliciangoldeneagles.com,/sports/baseball/roster,/sports/baseball/stats,,medium
Ferris St.,D2,GLIAC,https://ferrissportsupdate.com,/sports/baseball/roster,/sports/baseball/stats,,medium
Findlay,D2,G-MAC,https://findlayoilers.com,/sports/baseball/roster,/sports/baseball/stats,,medium
Flagler,D2,PBC,https://flaglerathletics.com,/sports/baseball/roster,/sports/baseball/stats,,medium
Florida Southern,D2,SSC,https://fscmocs.com,/sports/baseball/roster,/sports/baseball/stats,,medium
Florida Tech,D2,SSC,https://floridatechsports.com,/sports/baseball/roster,/sports/baseball/stats,,medium
Fort Hays St.,D2,MIAA,https://fhsuathletics.com,/sports/baseball/roster,/sports/baseball/stats,,medium
Fort Lewis,D2,RMAC,https://goskyhawks.com,/sports/baseball/roster,/sports/baseball/stats,,medium
Fort Valley St.,D2,SIAC,https://fvsusports.com,/sports/baseball/roster,/sports/baseball/stats,,medium
Francis Marion,D2,PBC,https://fmupatriots.com,/sports/baseball/roster,/sports/baseball/stats,,medium
Franklin Pierce,D2,NE10,https://fpuravens.com,/sports/baseball/roster,/sports/baseball/stats,,medium
Fresno Pacific,D2,PacWest,https://fpuathletics.com,/sports/baseball/roster,/sports/baseball/stats,,medium
Frostburg St.,D2,MEC,https://frostburgsports.com,/sports/baseball/roster,/sports/baseball/stats,,medium
Gannon,D2,PSAC,https://gannonsports.com,/sports/baseball/roster,/sports/baseball/stats,,medium
Georgia College,D2,PBC,https://gcbobcats.com,/sports/baseball/roster,/sports/baseball/stats,,medium
Georgia Southwestern,D2,PBC,https://gswcanes.com,/sports/baseball/roster,/sports/baseball/stats,,medium
Georgian Court,D2,CACC,https://gcuathletics.com,/sports/baseball/roster,/sports/baseball/stats,,medium
Glenville St.,D2,MEC,https://gscpioneers.com,/sports/baseball/roster,/sports/baseball/stats,,medium
Goldey-Beacom,D2,CACC,https://gbcathletics.com,/sports/baseball/roster,/sports/baseball/stats,,medium
Grand Valley St.,D2,GLIAC,https://gvsulakers.com,/sports/baseball/roster,/sports/baseball/stats,,medium
Harding,D2,GAC,https://hardingsports.com,/sports/baseball/roster,/sports/baseball/stats,,medium
Hawaii Hilo,D2,PacWest,https://hiloathletics.com,/sports/baseball/roster,/sports/baseball/stats,,medium
Hawaii Pacific,D2,PacWest,https://hpusharks.com,/sports/baseball/roster,/sports/baseball/stats,,medium
Henderson St.,D2,GAC,https://hendersonreddies.com,/sports/baseball/roster,/sports/baseball/stats,,medium
Hillsdale,D2,G-MAC,https://hillsdalechargers.com,/sports/baseball/roster,/sports/baseball/stats,,medium
Holy Family,D2,CACC,https://holyfamilytigers.com,/sports/baseball/roster,/sports/baseball/stats,,medium
Holy Names,D2,PacWest,https://hnuhawks.com,/sports/baseball/roster,/sports/baseball/stats,,medium
Humboldt St.,D2,CCAA,https://hsujacks.com,/sports/baseball/roster,/sports/baseball/stats,,medium
Illinois Springfield,D2,GLVC,https://uisprairiestars.com,/sports/baseball/roster,/sports/baseball/stats,,medium
Indiana (PA),D2,PSAC,https://iuphawks.com,/sports/baseball/roster,/sports/baseball/stats,,medium
Indianapolis,D2,GLVC,https://athletics.uindy.edu,/sports/baseball/roster,/sports/baseball/stats,,medium
Jefferson,D2,CACC,https://jeffersonrams.com,/sports/baseball/roster,/sports/baseball/stats,,medium
Johnson C. Smith,D2,CIAA,https://goldenbullsports.com,/sports/baseball/roster,/sports/baseball/stats,,medium
Kentucky St.,D2,SIAC,https://ksuthorobreds.com,/sports/baseball/roster,/sports/baseball/stats,,medium
Kentucky Wesleyan,D2,G-MAC,https://kwcpanthers.com,/sports/baseball/roster,/sports/baseball/stats,,medium
King (TN),D2,Conference Carolinas,https://gotornado.com,/sports/baseball/roster,/sports/baseball/stats,,medium
Kutztown,D2,PSAC,https://kubears.com,/sports/baseball/roster,/sports/baseball/stats,,medium
LIU Post,D2,ECC,https://liupostpioneers.com,/sports/baseball/roster,/sports/baseball/stats,,medium
Lake Erie,D2,G-MAC,https://lakeeriestorm.com,/sports/baseball/roster,/sports/baseball/stats,,medium
Lake Superior St.,D2,GLIAC,https://lssulakers.com,/sports/baseball/roster,/sports/baseball/stats,,medium
Lander,D2,PBC,https://landerbearcats.com,/sports/baseball/roster,/sports/baseball/stats,,medium
Lane,D2,SIAC,https://golcdragons.com,/sports/baseball/roster,/sports/baseball/stats,,medium
Le Moyne,D2,NE10,https://lemoynedolphins.com,/sports/baseball/roster,/sports/baseball/stats,,medium
LeMoyne-Owen,D2,SIAC,https://athletics.loc.edu,/sports/baseball/roster,/sports/baseball/stats,,medium
Lee,D2,GSC,https://leeflames.com,/sports/baseball/roster,/sports/baseball/stats,,medium
Lenoir-Rhyne,D2,SAC,https://lrbears.com,/sports/baseball/roster,/sports/baseball/stats,,medium
Lewis,D2,GLVC,https://lewisflyers.com,/sports/baseball/roster,/sports/baseball/stats,,medium
Lincoln (PA),D2,CIAA,https://lulions.com,/sports/baseball/roster,/sports/baseball/stats,,medium
Lincoln Memorial,D2,SAC,https://lmurailsplitters.com,/sports/baseball/roster,/sports/baseball/stats,,medium
Lindenwood,D2,MIAA,https://lindenwoodlions.com,/sports/baseball/roster,/sports/baseball/stats,,medium
Livingstone,D2,CIAA,https://livingstoneathletics.com,/sports/baseball/roster,/sports/baseball/stats,,medium
Lock Haven,D2,PSAC,https://lockhavenathletics.com,/sports/baseball/roster,/sports/baseball/stats,,medium
Lubbock Christian,D2,LSC,https://lcuchaps.com,/sports/baseball/roster,/sports/baseball/stats,,medium
Lynn,D2,SSC,https://lynnfightingknights.com,/sports/baseball/roster,/sports/baseball/stats,,medium
Malone,D2,G-MAC,https://maborathletics.com,/sports/baseball/roster,/sports/baseball/stats,,medium
Mansfield,D2,PSAC,https://gomounties.com,/sports/baseball/roster,/sports/baseball/stats,,medium
Mars Hill,D2,SAC,https://marshilllions.com,/sports/baseball/roster,/sports/baseball/stats,,medium
Maryville (MO),D2,GLVC,https://maryvillesaints.com,/sports/baseball/roster,/sports/baseball/stats,,medium
McKendree,D2,GLVC,https://mckbearcats.com,/sports/baseball/roster,/sports/baseball/stats,,medium
Mercyhurst,D2,PSAC,https://hurstathletics.com,/sports/baseball/roster,/sports/baseball/stats,,medium
Merrimack,D2,NE10,https://merrimackathletics.com,/sports/baseball/roster,/sports/baseball/stats,,medium
Metro St.,D2,RMAC,https://msudroadrunners.com,/sports/baseball/roster,/sports/baseball/stats,,medium
Michigan Tech,D2,GLIAC,https://michigantechhuskies.com,/sports/baseball/roster,/sports/baseball/stats,,medium
Miles,D2,SIAC,https://milesgoldenbears.com,/sports/baseball/roster,/sports/baseball/stats,,medium
Millersville,D2,PSAC,https://millersvilleathletics.com,/sports/baseball/roster,/sports/baseball/stats,,medium
Minnesota Crookston,D2,NSIC,https://goldeneaglesports.com,/sports/baseball/roster,/sports/baseball/stats,,medium
Minnesota Duluth,D2,NSIC,https://umdbulldogs.com,/sports/baseball/roster,/sports/baseball/stats,,medium
Minnesota St.,D2,NSIC,https://maverickssports.com,/sports/baseball/roster,/sports/baseball/stats,,medium
Minot St.,D2,NSIC,https://maborathletics.com,/sports/baseball/roster,/sports/baseball/stats,,medium
Mississippi College,D2,GSC,https://gochoctaws.com,/sports/baseball/roster,/sports/baseball/stats,,medium
Missouri S&T,D2,GLVC,https://minerathletics.com,/sports/baseball/roster,/sports/baseball/stats,,medium
Missouri Southern,D2,MIAA,https://mssulions.com,/sports/baseball/roster,/sports/baseball/stats,,medium
Missouri Western,D2,MIAA,https://gogriffons.com,/sports/baseball/roster,/sports/baseball/stats,,medium
Molloy,D2,ECC,https://molloylions.com,/sports/baseball/roster,/sports/baseball/stats,,medium
Montana St. Billings,D2,GNAC,https://msubsports.com,/sports/baseball/roster,/sports/baseball/stats,,medium
Morehouse,D2,SIAC,https://morehouseathletics.com,/sports/baseball/roster,/sports/baseball/stats,,medium
Mount Olive,D2,Conference Carolinas,https://umotrojans.com,/sports/baseball/roster,/sports/baseball/stats,,medium
Nebraska Kearney,D2,MIAA,https://lopers.com,/sports/baseball/roster,/sports/baseball/stats,,medium
New Haven,D2,NE10,https://newhavenchargers.com,/sports/baseball/roster,/sports/baseball/stats,,medium
New Mexico Highlands,D2,RMAC,https://nmhucowboys.com,/sports/baseball/roster,/sports/baseball/stats,,medium
New York Tech,D2,ECC,https://nyaborathletics.com,/sports/baseball/roster,/sports/baseball/stats,,medium
Newberry,D2,SAC,https://newberrywolves.com,/sports/baseball/roster,/sports/baseball/stats,,medium
North Carolina-Pembroke,D2,Conference Carolinas,https://uncpbraves.com,/sports/baseball/roster,/sports/baseball/stats,,medium
North Greenville,D2,GSC,https://ngucrusaders.com,/sports/baseball/roster,/sports/baseball/stats,,medium
Northeastern St.,D2,MIAA,https://nsuriverhawks.com,/sports/baseball/roster,/sports/baseball/stats,,medium
Northern St.,D2,NSIC,https://nsuwolves.com,/sports/baseball/roster,/sports/baseball/stats,,medium
Northwest Missouri St.,D2,MIAA,https://bearcatsports.com,/sports/baseball/roster,/sports/baseball/stats,,medium
Northwest Nazarene,D2,GNAC,https://nnusports.com,/sports/baseball/roster,/sports/baseball/stats,,medium
Northwestern Oklahoma,D2,GAC,https://nwosurangers.com,/sports/baseball/roster,/sports/baseball/stats,,medium
Northwood,D2,GLIAC,https://northwoodtimberwolves.com,/sports/baseball/roster,/sports/baseball/stats,,medium
Notre Dame (OH),D2,MEC,https://nducfalcons.com,/sports/baseball/roster,/sports/baseball/stats,,medium
Nova Southeastern,D2,SSC,https://nsusharks.com,/sports/baseball/roster,/sports/baseball/stats,,medium
Nyack,D2,CACC,https://nyackwarriors.com,/sports/baseball/roster,/sports/baseball/stats,,medium
Ohio Dominican,D2,G-MAC,https://ohiodominicanpanthers.com,/sports/baseball/roster,/sports/baseball/stats,,medium
Oklahoma Baptist,D2,GAC,https://obubison.com,/sports/baseball/roster,/sports/baseball/stats,,medium
Ouachita Baptist,D2,GAC,https://obutigers.com,/sports/baseball/roster,/sports/baseball/stats,,medium
Pace,D2,NE10,https://paceuathletics.com,/sports/baseball/roster,/sports/baseball/stats,,medium
Paine,D2,SIAC,https://painelions.com,/sports/baseball/roster,/sports/baseball/stats,,medium
Palm Beach Atlantic,D2,SSC,https://pbasailfish.com,/sports/baseball/roster,/sports/baseball/stats,,medium
Pittsburg St.,D2,MIAA,https://pittstgorillas.com,/sports/baseball/roster,/sports/baseball/stats,,medium
Point Loma,D2,PacWest,https://plnusealions.com,/sports/baseball/roster,/sports/baseball/stats,,medium
Post,D2,CACC,https://posteagles.com,/sports/baseball/roster,/sports/baseball/stats,,medium
Purdue Northwest,D2,GLIAC,https://pnwathletics.com,/sports/baseball/roster,/sports/baseball/stats,,medium
Queens (NC),D2,SAC,https://queensroyals.com,/sports/baseball/roster,/sports/baseball/stats,,medium
Queens (NY),D2,ECC,https://queensknights.com,/sports/baseball/roster,/sports/baseball/stats,,medium
Quincy,D2,GLVC,https://quhawks.com,/sports/baseball/roster,/sports/baseball/stats,,medium
Regis (CO),D2,RMAC,https://regisrangers.com,/sports/baseball/roster,/sports/baseball/stats,,medium
Roberts Wesleyan,D2,ECC,https://robertsredhawks.com,/sports/baseball/roster,/sports/baseball/stats,,medium
Rockhurst,D2,GLVC,https://rockhursthawks.com,/sports/baseball/roster,/sports/baseball/stats,,medium
Rogers St.,D2,MIAA,https://rsuhillcats.com,/sports/baseball/roster,/sports/baseball/stats,,medium
Rollins,D2,SSC,https://rollinssports.com,/sports/baseball/roster,/sports/baseball/stats,,medium
SC Aiken,D2,PBC,https://pacersports.com,/sports/baseball/roster,/sports/baseball/stats,,medium
SD School of Mines,D2,RMAC,https://hardrockerathletics.com,/sports/baseball/roster,/sports/baseball/stats,,medium
Saginaw Valley St.,D2,GLIAC,https://svsuathletics.com,/sports/baseball/roster,/sports/baseball/stats,,medium
Saint Anselm,D2,NE10,https://saintanselmhawks.com,/sports/baseball/roster,/sports/baseball/stats,,medium
Saint Leo,D2,SSC,https://saintleolions.com,/sports/baseball/roster,/sports/baseball/stats,,medium
Saint Martin's,D2,GNAC,https://stmartinsaints.com,/sports/baseball/roster,/sports/baseball/stats,,medium
Saint Michael's,D2,NE10,https://smcpurpleknights.com,/sports/baseball/roster,/sports/baseball/stats,,medium
Saint Rose,D2,NE10,https://stroseathletics.com,/sports/baseball/roster,/sports/baseball/stats,,medium
Salem (WV),D2,MEC,https://salemtigers.com,/sports/baseball/roster,/sports/baseball/stats,,medium
San Francisco St.,D2,CCAA,https://sfstategators.com,/sports/baseball/roster,/sports/baseball/stats,,medium
Savannah St.,D2,SIAC,https://ssuathletics.com,/sports/baseball/roster,/sports/baseball/stats,,medium
Seton Hill,D2,PSAC,https://athletics.setonhill.edu,/sports/baseball/roster,/sports/baseball/stats,,medium
Shaw,D2,CIAA,https://shawbears.com,/sports/baseball/roster,/sports/baseball/stats,,medium
Shepherd,D2,MEC,https://shepherdrams.com,/sports/baseball/roster,/sports/baseball/stats,,medium
Shippensburg,D2,PSAC,https://shipraiders.com,/sports/baseball/roster,/sports/baseball/stats,,medium
Shorter,D2,GSC,https://shorterhawks.com,/sports/baseball/roster,/sports/baseball/stats,,medium
Simon Fraser,D2,GNAC,https://sfuclan.com,/sports/baseball/roster,/sports/baseball/stats,,medium
Sioux Falls,D2,NSIC,https://usfcougars.com,/sports/baseball/roster,/sports/baseball/stats,,medium
Slippery Rock,D2,PSAC,https://rockathletics.com,/sports/baseball/roster,/sports/baseball/stats,,medium
Sonoma St.,D2,CCAA,https://ssuseawolves.com,/sports/baseball/roster,/sports/baseball/stats,,medium
Southeastern Oklahoma,D2,GAC,https://savagesports.com,/sports/baseball/roster,/sports/baseball/stats,,medium
Southern Arkansas,D2,GAC,https://muleriderathletics.com,/sports/baseball/roster,/sports/baseball/stats,,medium
Southern Indiana,D2,GLVC,https://gouscreamingeagles.com,/sports/baseball/roster,/sports/baseball/stats,,medium
Southern Nazarene,D2,GAC,https://snuathletics.com,/sports/baseball/roster,/sports/baseball/stats,,medium
Southern New Hampshire,D2,NE10,https://snhupenmen.com,/sports/baseball/roster,/sports/baseball/stats,,medium
Southern Wesleyan,D2,Conference Carolinas,https://swuwarriors.com,/sports/baseball/roster,/sports/baseball/stats,,medium
Southwest Baptist,D2,GLVC,https://www.sbubearcats.com,/sports/baseball/roster,/sports/baseball/stats,,medium
Southwest Minnesota St.,D2,NSIC,https://smsumustangs.com,/sports/baseball/roster,/sports/baseball/stats,,medium
Southwestern Oklahoma,D2,GAC,https://swosuathletics.com,/sports/baseball/roster,/sports/baseball/stats,,medium
Spring Hill,D2,SIAC,https://shcbadgers.com,/sports/baseball/roster,/sports/baseball/stats,,medium
St. Andrews,D2,Conference Carolinas,https://saknights.com,/sports/baseball/roster,/sports/baseball/stats,,medium
St. Augustine's,D2,CIAA,https://saufalcons.com,/sports/baseball/roster,/sports/baseball/stats,,medium
St. Cloud St.,D2,NSIC,https://scsuhuskies.com,/sports/baseball/roster,/sports/baseball/stats,,medium
St. Edward's,D2,LSC,https://gohilltoppers.com,/sports/baseball/roster,/sports/baseball/stats,,medium
St. Mary's (TX),D2,LSC,https://stmarytx.edu/athletics,/sports/baseball/roster,/sports/baseball/stats,,medium
St. Thomas Aquinas,D2,ECC,https://stacathletics.com,/sports/baseball/roster,/sports/baseball/stats,,medium
Stanislaus St.,D2,CCAA,https://csustanwarriors.com,/sports/baseball/roster,/sports/baseball/stats,,medium
Stillman,D2,SIAC,https://stillmanathletics.com,/sports/baseball/roster,/sports/baseball/stats,,medium
Stonehill,D2,NE10,https://stonehillskyhawks.com,/sports/baseball/roster,/sports/baseball/stats,,medium
Tampa,D2,SSC,https://tampaspartans.com,/sports/baseball/roster,/sports/baseball/stats,,medium
Tarleton St.,D2,LSC,https://tarletonsports.com,/sports/baseball/roster,/sports/baseball/stats,,medium
Texas A&M International,D2,LSC,https://godustdevils.com,/sports/baseball/roster,/sports/baseball/stats,,medium
Texas A&M-Kingsville,D2,LSC,https://javelinaathletics.com,/sports/baseball/roster,/sports/baseball/stats,,medium
Texas-Tyler,D2,LSC,https://uttylerpatriots.com,/sports/baseball/roster,/sports/baseball/stats,,medium
Tiffin,D2,G-MAC,https://gotiffindragons.com,/sports/baseball/roster,/sports/baseball/stats,,medium
Truman St.,D2,GLVC,https://trumanbulldogs.com,/sports/baseball/roster,/sports/baseball/stats,,medium
Tusculum,D2,SAC,https://tusculumpioneers.com,/sports/baseball/roster,/sports/baseball/stats,,medium
Tuskegee,D2,SIAC,https://goldentigersports.com,/sports/baseball/roster,/sports/baseball/stats,,medium
UNC Pembroke,D2,PBC,https://uncpbraves.com,/sports/baseball/roster,/sports/baseball/stats,,medium
USC Aiken,D2,PBC,https://pacersports.com,/sports/baseball/roster,/sports/baseball/stats,,medium
UT Permian Basin,D2,LSC,https://utpbfalcons.com,/sports/baseball/roster,/sports/baseball/stats,,medium
UT Tyler,D2,LSC,https://uttylerpatriots.com,/sports/baseball/roster,/sports/baseball/stats,,medium
UVA Wise,D2,MEC,https://uvawisecavaliers.com,/sports/baseball/roster,/sports/baseball/stats,,medium
Union (TN),D2,GSC,https://uubulldogs.com,/sports/baseball/roster,/sports/baseball/stats,,medium
University of Mary,D2,NSIC,https://goumary.com,/sports/baseball/roster,/sports/baseball/stats,,medium
Upper Iowa,D2,NSIC,https://uiupeacocks.com,/sports/baseball/roster,/sports/baseball/stats,,medium
Ursuline,D2,G-MAC,https://ursulinearrows.com,/sports/baseball/roster,/sports/baseball/stats,,medium
Valdosta St.,D2,GSC,https://vstateblazers.com,/sports/baseball/roster,/sports/baseball/stats,,medium
Virginia St.,D2,CIAA,https://govsutrojans.com,/sports/baseball/roster,/sports/baseball/stats,,medium
Virginia Union,D2,CIAA,https://vuusports.com,/sports/baseball/roster,/sports/baseball/stats,,medium
WV Wesleyan,D2,MEC,https://wvwcathletics.com,/sports/baseball/roster,/sports/baseball/stats,,medium
Walsh,D2,G-MAC,https://walshcavaliers.com,/sports/baseball/roster,/sports/baseball/stats,,medium
Washburn,D2,MIAA,https://wusports.com,/sports/baseball/roster,/sports/baseball/stats,,medium
Wayne St. (MI),D2,GLIAC,https://wsuathletics.com,/sports/baseball/roster,/sports/baseball/stats,,medium
Wayne St. (NE),D2,NSIC,https://wscwildcats.com,/sports/baseball/roster,/sports/baseball/stats,,medium
West Alabama,D2,GSC,https://uwaathletics.com,/sports/baseball/roster,/sports/baseball/stats,,medium
West Chester,D2,PSAC,https://wcupagoldenrams.com,/sports/baseball/roster,/sports/baseball/stats,,medium
West Florida,D2,GSC,https://goargos.com,/sports/baseball/roster,/sports/baseball/stats,,medium
West Georgia,D2,GSC,https://uwgathletics.com,/sports/baseball/roster,/sports/baseball/stats,,medium
West Liberty,D2,MEC,https://hilltoppersports.com,/sports/baseball/roster,/sports/baseball/stats,,medium
West Texas A&M,D2,LSC,https://gobuffsgo.com,/sports/baseball/roster,/sports/baseball/stats,,medium
West Virginia St.,D2,MEC,https://wvsuyellowjackets.com,/sports/baseball/roster,/sports/baseball/stats,,medium
Western Colorado,D2,RMAC,https://gomountaineers.com,/sports/baseball/roster,/sports/baseball/stats,,medium
Western New Mexico,D2,LSC,https://wnmumustangs.com,/sports/baseball/roster,/sports/baseball/stats,,medium
Western Oregon,D2,GNAC,https://wouwolves.com,/sports/baseball/roster,/sports/baseball/stats,,medium
Western Washington,D2,GNAC,https://wwuvikings.com,/sports/baseball/roster,/sports/baseball/stats,,medium
Wheeling,D2,MEC,https://wucardinals.com,/sports/baseball/roster,/sports/baseball/stats,,medium
William Jewell,D2,GLVC,https://jewellcardinals.com,/sports/baseball/roster,/sports/baseball/stats,,medium
Wilmington (DE),D2,CACC,https://wilmu.edu/athletics,/sports/baseball/roster,/sports/baseball/stats,,medium
Wingate,D2,SAC,https://wingatebulldogs.com,/sports/baseball/roster,/sports/baseball/stats,,medium
Winona St.,D2,NSIC,https://winonastatewarriors.com,/sports/baseball/roster,/sports/baseball/stats,,medium
Winston-Salem St.,D2,CIAA,https://wssurams.com,/sports/baseball/roster,/sports/baseball/stats,,medium
Wisconsin-Parkside,D2,GLIAC,https://parksiderangers.com,/sports/baseball/roster,/sports/baseball/stats,,medium
Young Harris,D2,PBC,https://yhcathletics.com,/sports/baseball/roster,/sports/baseball/stats,,medium
Adrian,D3,MIAA,https://adrianbulldogs.com,/sports/baseball/roster,/sports/baseball/stats,,low
Agnes Scott,D3,USA South,https://scotties.agnesscott.edu,/sports/baseball/roster,/sports/baseball/stats,,low
Albertus Magnus,D3,GNAC,https://albertusathletics.com,/sports/baseball/roster,/sports/baseball/stats,,low
Albion,D3,MIAA,https://albionbritons.com,/sports/baseball/roster,/sports/baseball/stats,,low
Albright,D3,MAC,https://albrightlions.com,/sports/baseball/roster,/sports/baseball/stats,,low
Alfred,D3,Empire 8,https://gosaxons.com,/sports/baseball/roster,/sports/baseball/stats,,low
Alfred State,D3,AMCC,https://alfredstateathletics.com,/sports/baseball/roster,/sports/baseball/stats,,low
Allegheny,D3,NCAC,https://alleghenygators.com,/sports/baseball/roster,/sports/baseball/stats,,low
Alma,D3,MIAA,https://almascots.com,/sports/baseball/roster,/sports/baseball/stats,,low
Alvernia,D3,MAC,https://alverniaathletics.com,/sports/baseball/roster,/sports/baseball/stats,,low
Amherst,D3,NESCAC,https://amherstmammoths.com,/sports/baseball/roster,/sports/baseball/stats,,low
Anderson (IN),D3,Heartland,https://andersonravens.com,/sports/baseball/roster,/sports/baseball/stats,,low
Anna Maria,D3,GNAC,https://amcatssports.com,/sports/baseball/roster,/sports/baseball/stats,,low
Arcadia,D3,MAC,https://arcadiaknights.com,/sports/baseball/roster,/sports/baseball/stats,,low
Augsburg,D3,MIAC,https://augsburgauggies.com,/sports/baseball/roster,/sports/baseball/stats,,low
Augustana (IL),D3,CCIW,https://goaugie.com,/sports/baseball/roster,/sports/baseball/stats,,low
Aurora,D3,NACC,https://auroraspartans.com,/sports/baseball/roster,/sports/baseball/stats,,low
Austin College,D3,SCAC,https://acroos.com,/sports/baseball/roster,/sports/baseball/stats,,low
Averett,D3,ODAC,https://averettcougars.com,/sports/baseball/roster,/sports/baseball/stats,,low
Babson,D3,NEWMAC,https://babsonathletics.com,/sports/baseball/roster,/sports/baseball/stats,,low
Baldwin Wallace,D3,OAC,https://bwyellowjackets.com,/sports/baseball/roster,/sports/baseball/stats,,low
Bard,D3,Liberty League,https://bardathletics.com,/sports/baseball/roster,/sports/baseball/stats,,low
Baruch,D3,CUNYAC,https://baruchathletics.com,/sports/baseball/roster,/sports/baseball/stats,,low
Bates,D3,NESCAC,https://gobatesbobcats.com,/sports/baseball/roster,/sports/baseball/stats,,low
Beloit,D3,Midwest,https://beloitbucs.com,/sports/baseball/roster,/sports/baseball/stats,,low
Benedictine (IL),D3,NACC,https://beneagles.com,/sports/baseball/roster,/sports/baseball/stats,,low
Berea,D3,USA South,https://bereamountaineers.com,/sports/baseball/roster,/sports/baseball/stats,,low
Berry,D3,SAA,https://berryathletics.com,/sports/baseball/roster,/sports/baseball/stats,,low
Bethany (WV),D3,PAC,https://bethanybison.com,/sports/baseball/roster,/sports/baseball/stats,,low
Bethel (MN),D3,MIAC,https://bethelroyals.com,/sports/baseball/roster,/sports/baseball/stats,,low
Birmingham-Southern,D3,SAA,https://bscsports.net,/sports/baseball/roster,/sports/baseball/stats,,low
Blackburn,D3,SLIAC,https://blackburnathletics.com,/sports/baseball/roster,/sports/baseball/stats,,low
Bluffton,D3,Heartland,https://blufftonbeavers.com,/sports/baseball/roster,/sports/baseball/stats,,low
Bowdoin,D3,NESCAC,https://bowdoinpolarbears.com,/sports/baseball/roster,/sports/baseball/stats,,low
Brandeis,D3,UAA,https://brandeisjudges.com,/sports/baseball/roster,/sports/baseball/stats,,low
Bridgewater (VA),D3,ODAC,https://bridgewatereagles.com,/sports/baseball/roster,/sports/baseball/stats,,low
Bridgewater State,D3,MASCAC,https://bsubears.com,/sports/baseball/roster,/sports/baseball/stats,,low
Brockport,D3,SUNYAC,https://brockportathletics.com,/sports/baseball/roster,/sports/baseball/stats,,low
Brooklyn College,D3,CUNYAC,https://www.brooklyncollegeathletics.com,/sports/baseball/roster,/sports/baseball/stats,,low
Bryn Athyn,D3,Centennial,https://brynathletics.com,/sports/baseball/roster,/sports/baseball/stats,,low
Buena Vista,D3,American Rivers,https://bvathletics.com,/sports/baseball/roster,/sports/baseball/stats,,low
Buffalo State,D3,SUNYAC,https://buffalostateathletics.com,/sports/baseball/roster,/sports/baseball/stats,,low
CCNY,D3,CUNYAC,https://ccnyathletics.com,/sports/baseball/roster,/sports/baseball/stats,,low
Cabrini,D3,Atlantic East,https://cabriniathletics.com,/sports/baseball/roster,/sports/baseball/stats,,low
Cairn,D3,CSAC,https://cairnhighlanders.com,/sports/baseball/roster,/sports/baseball/stats,,low
Cal Lutheran,D3,SCIAC,https://clusports.com,/sports/baseball/roster,/sports/baseball/stats,,low
Caltech,D3,SCIAC,https://gocaltech.com,/sports/baseball/roster,/sports/baseball/stats,,low
Calvin,D3,MIAA,https://calvinknights.com,/sports/baseball/roster,/sports/baseball/stats,,low
Capital,D3,OAC,https://athletics.capital.edu,/sports/baseball/roster,/sports/baseball/stats,,low
Carleton,D3,MIAC,https://carletonknights.com,/sports/baseball/roster,/sports/baseball/stats,,low
Carnegie Mellon,D3,UAA,https://athletics.cmu.edu,/sports/baseball/roster,/sports/baseball/stats,,low
Carroll (WI),D3,CCIW,https://carrollathletics.com,/sports/baseball/roster,/sports/baseball/stats,,low
Carthage,D3,CCIW,https://carthagesports.com,/sports/baseball/roster,/sports/baseball/stats,,low
Case Western Reserve,D3,UAA,https://athletics.case.edu,/sports/baseball/roster,/sports/baseball/stats,,low
Castleton,D3,NAC,https://castletonspartans.com,/sports/baseball/roster,/sports/baseball/stats,,low
Catholic,D3,Landmark,https://cuacardinals.com,/sports/baseball/roster,/sports/baseball/stats,,low
Cazenovia,D3,NEAC,https://cazathletics.com,/sports/baseball/roster,/sports/baseball/stats,,low
Cedar Crest,D3,CSAC,https://cedarcrestathletics.com,/sports/baseball/roster,/sports/baseball/stats,,low
Centenary (LA),D3,SCAC,https://gocentenary.com,/sports/baseball/roster,/sports/baseball/stats,,low
Centenary (NJ),D3,CSAC,https://centenarygators.com,/sports/baseball/roster,/sports/baseball/stats,,low
Central (IA),D3,American Rivers,https://central.edu/athletics,/sports/baseball/roster,/sports/baseball/stats,,low
Centre,D3,SAA,https://centrecolonels.com,/sports/baseball/roster,/sports/baseball/stats,,low
Chapman,D3,SCIAC,https://chapmanathletics.com,/sports/baseball/roster,/sports/baseball/stats,,low
Chatham,D3,PAC,https://chathamathletics.com,/sports/baseball/roster,/sports/baseball/stats,,low
Chicago,D3,UAA,https://athletics.uchicago.edu,/sports/baseball/roster,/sports/baseball/stats,,low
Christopher Newport,D3,CAC,https://www.cnusports.com,/sports/baseball/roster,/sports/baseball/stats,,low
City Tech,D3,CUNYAC,https://citytechathletics.com,/sports/baseball/roster,/sports/baseball/stats,,low
Claremont-Mudd-Scripps,D3,SCIAC,https://cmsathletics.org,/sports/baseball/roster,/sports/baseball/stats,,low
Clark (MA),D3,NEWMAC,https://clarkathletics.com,/sports/baseball/roster,/sports/baseball/stats,,low
Clarks Summit,D3,CSAC,https://www.gocsudefenders.com,/sports/baseball/roster,/sports/baseball/stats,,low
Clarkson,D3,Liberty League,https://clarksonathletics.com,/sports/baseball/roster,/sports/baseball/stats,,low
Coast Guard,D3,NEWMAC,https://coastguardbears.com,/sports/baseball/roster,/sports/baseball/stats,,low
Coe,D3,American Rivers,https://coekohawks.com,/sports/baseball/roster,/sports/baseball/stats,,low
Colby,D3,NESCAC,https://colbymules.com,/sports/baseball/roster,/sports/baseball/stats,,low
Colby-Sawyer,D3,GNAC,https://colbysawyerathletics.com,/sports/baseball/roster,/sports/baseball/stats,,low
Colorado College,D3,SCAC,https://cctigers.com,/sports/baseball/roster,/sports/baseball/stats,,low
Concordia (MN),D3,MIAC,https://cobberathletics.com,/sports/baseball/roster,/sports/baseball/stats,,low
Concordia (WI),D3,NACC,https://www.cucougars.com,/sports/baseball/roster,/sports/baseball/stats,,low
Concordia Chicago,D3,MIAC,https://cuccougars.com,/sports/baseball/roster,/sports/baseball/stats,,low
Concordia Texas,D3,ASC,https://ctxathletics.com,/sports/baseball/roster,/sports/baseball/stats,,low
Connecticut College,D3,NESCAC,https://camelathletics.com,/sports/baseball/roster,/sports/baseball/stats,,low
Cornell College,D3,Midwest,https://cornellrams.com,/sports/baseball/roster,/sports/baseball/stats,,low
Cortland,D3,SUNYAC,https://cortlandreddragons.com,/sports/baseball/roster,/sports/baseball/stats,,low
Covenant,D3,USA South,https://covenantscots.com,/sports/baseball/roster,/sports/baseball/stats,,low
Crown,D3,UMAC,https://athletics.crown.edu,/sports/baseball/roster,/sports/baseball/stats,,low
Curry,D3,CCC,https://curryathletics.com,/sports/baseball/roster,/sports/baseball/stats,,low
D'Youville,D3,AMCC,https://dyouvilleathletics.com,/sports/baseball/roster,/sports/baseball/stats,,low
Dallas,D3,SCAC,https://udallasathletics.com,/sports/baseball/roster,/sports/baseball/stats,,low
DePauw,D3,NCAC,https://depauwtigers.com,/sports/baseball/roster,/sports/baseball/stats,,low
DeSales,D3,MAC,https://desalesbulldogs.com,/sports/baseball/roster,/sports/baseball/stats,,low
Dean,D3,GNAC,https://deanathletics.com,/sports/baseball/roster,/sports/baseball/stats,,low
Defiance,D3,Heartland,https://defianceathletics.com,/sports/baseball/roster,/sports/baseball/stats,,low
Delaware Valley,D3,MAC,https://dvuathletics.com,/sports/baseball/roster,/sports/baseball/stats,,low
Denison,D3,NCAC,https://denisonbigred.com,/sports/baseball/roster,/sports/baseball/stats,,low
Dickinson,D3,Centennial,https://dickinsonathletics.com,/sports/baseball/roster,/sports/baseball/stats,,low
Dominican (IL),D3,NACC,https://dustars.com,/sports/baseball/roster,/sports/baseball/stats,,low
Drew,D3,Landmark,https://drewrangers.com,/sports/baseball/roster,/sports/baseball/stats,,low
Dubuque,D3,American Rivers,https://dbqspartans.com,/sports/baseball/roster,/sports/baseball/stats,,low
Earlham,D3,Heartland,https://earlhamathletics.com,/sports/baseball/roster,/sports/baseball/stats,,low
East Texas Baptist,D3,ASC,https://etbutigers.com,/sports/baseball/roster,/sports/baseball/stats,,low
Eastern,D3,MAC,https://goeueagles.com,/sports/baseball/roster,/sports/baseball/stats,,low
Eastern Connecticut,D3,Little East,https://gowarriorathletics.com,/sports/baseball/roster,/sports/baseball/stats,,low
Eastern Mennonite,D3,ODAC,https://emuroyals.com,/sports/baseball/roster,/sports/baseball/stats,,low
Eastern Nazarene,D3,GNAC,https://enclions.com,/sports/baseball/roster,/sports/baseball/stats,,low
Edgewood,D3,NACC,https://edgewoodeagles.com,/sports/baseball/roster,/sports/baseball/stats,,low
Elizabethtown,D3,Landmark,https://etownbluejays.com,/sports/baseball/roster,/sports/baseball/stats,,low
Elmhurst,D3,CCIW,https://elmhurstbluejays.com,/sports/baseball/roster,/sports/baseball/stats,,low
Elmira,D3,Empire 8,https://athletics.elmira.edu,/sports/baseball/roster,/sports/baseball/stats,,low
Elms,D3,GNAC,https://elmsblazers.com,/sports/baseball/roster,/sports/baseball/stats,,low
Emerson,D3,NEWMAC,https://emersonlions.com,/sports/baseball/roster,/sports/baseball/stats,,low
Emory,D3,UAA,https://emoryathletics.com,/sports/baseball/roster,/sports/baseball/stats,,low
Endicott,D3,CCC,https://endicottathletics.com,/sports/baseball/roster,/sports/baseball/stats,,low
Eureka,D3,SLIAC,https://eurekaathletics.com,/sports/baseball/roster,/sports/baseball/stats,,low
Fairleigh Dickinson-Florham,D3,MAC,https://fdudevilsathletics.com,/sports/baseball/roster,/sports/baseball/stats,,low
Farmingdale State,D3,Skyline,https://farmingdalesports.com,/sports/baseball/roster,/sports/baseball/stats,,low
Ferrum,D3,ODAC,https://ferrumpanthers.com,/sports/baseball/roster,/sports/baseball/stats,,low
Finlandia,D3,UMAC,https://finlandiasports.com,/sports/baseball/roster,/sports/baseball/stats,,low
Fitchburg State,D3,MASCAC,https://www.fitchburgfalcons.com,/sports/baseball/roster,/sports/baseball/stats,,low
Fontbonne,D3,SLIAC,https://fontbonneathletics.com,/sports/baseball/roster,/sports/baseball/stats,,low
Framingham State,D3,MASCAC,https://www.fsurams.com,/sports/baseball/roster,/sports/baseball/stats,,low
Franciscan,D3,AMCC,https://fubarons.com,/sports/baseball/roster,/sports/baseball/stats,,low
Franklin,D3,Heartland,https://franklingrizzlies.com,/sports/baseball/roster,/sports/baseball/stats,,low
Franklin & Marshall,D3,Centennial,https://godiplomats.com,/sports/baseball/roster,/sports/baseball/stats,,low
Fredonia,D3,SUNYAC,https://fredoniabluedevils.com,/sports/baseball/roster,/sports/baseball/stats,,low
Frostburg State,D3,CAC,https://frostburgathletics.com,/sports/baseball/roster,/sports/baseball/stats,,low
Gallaudet,D3,NEAC,https://gallaudetbison.com,/sports/baseball/roster,/sports/baseball/stats,,low
Geneseo,D3,SUNYAC,https://geneseoknights.com,/sports/baseball/roster,/sports/baseball/stats,,low
Geneva,D3,PAC,https://genevaathletics.com,/sports/baseball/roster,/sports/baseball/stats,,low
George Fox,D3,NWC,https://georgefoxbruins.com,/sports/baseball/roster,/sports/baseball/stats,,low
Gettysburg,D3,Centennial,https://gettysburgsports.com,/sports/baseball/roster,/sports/baseball/stats,,low
Gordon,D3,CCC,https://athletics.gordon.edu,/sports/baseball/roster,/sports/baseball/stats,,low
Goucher,D3,Landmark,https://athletics.goucher.edu,/sports/baseball/roster,/sports/baseball/stats,,low
Green Mountain,D3,NAC,https://greenmountainathletics.com,/sports/baseball/roster,/sports/baseball/stats,,low
Greensboro,D3,USA South,https://greensboropride.com,/sports/baseball/roster,/sports/baseball/stats,,low
Greenville,D3,SLIAC,https://greenvilleathletics.com,/sports/baseball/roster,/sports/baseball/stats,,low
Grinnell,D3,Midwest,https://grinnellpioneers.com,/sports/baseball/roster,/sports/baseball/stats,,low
Grove City,D3,PAC,https://gccathletics.com,/sports/baseball/roster,/sports/baseball/stats,,low
Guilford,D3,ODAC,https://guilfordquakers.com,/sports/baseball/roster,/sports/baseball/stats,,low
Gustavus Adolphus,D3,MIAC,https://gustavusathletics.com,/sports/baseball/roster,/sports/baseball/stats,,low
Gwynedd Mercy,D3,Atlantic East,https://gwyneddathletics.com,/sports/baseball/roster,/sports/baseball/stats,,low
Hamilton,D3,NESCAC,https://athletics.hamilton.edu,/sports/baseball/roster,/sports/baseball/stats,,low
Hamline,D3,MIAC,https://hamlineathletics.com,/sports/baseball/roster,/sports/baseball/stats,,low
Hampden-Sydney,D3,ODAC,https://hsctigers.com,/sports/baseball/roster,/sports/baseball/stats,,low
Hanover,D3,Heartland,https://athletics.hanover.edu,/sports/baseball/roster,/sports/baseball/stats,,low
Hardin-Simmons,D3,ASC,https://hsutx.edu/athletics,/sports/baseball/roster,/sports/baseball/stats,,low
Hartwick,D3,Empire 8,https://www.hartwickhawks.com,/sports/baseball/roster,/sports/baseball/stats,,low
Haverford,D3,Centennial,https://haverfordathletics.com,/sports/baseball/roster,/sports/baseball/stats,,low
Heidelberg,D3,OAC,https://www.bergathletics.com,/sports/baseball/roster,/sports/baseball/stats,,low
Hendrix,D3,SAA,https://hendrixwarriors.com,/sports/baseball/roster,/sports/baseball/stats,,low
Hilbert,D3,AMCC,https://hilbertathletics.com,/sports/baseball/roster,/sports/baseball/stats,,low
Hiram,D3,NCAC,https://hiramathletics.com,/sports/baseball/roster,/sports/baseball/stats,,low
Hobart,D3,Liberty League,https://hwsathletics.com,/sports/baseball/roster,/sports/baseball/stats,,low
Holy Family,D3,Atlantic East,https://holyfamilytigers.com,/sports/baseball/roster,/sports/baseball/stats,,low
Hood,D3,MAC,https://hoodathletics.com,/sports/baseball/roster,/sports/baseball/stats,,low
Hope,D3,MIAA,https://hope.edu/athletics,/sports/baseball/roster,/sports/baseball/stats,,low
Houghton,D3,Empire 8,https://houghtonathletics.com,/sports/baseball/roster,/sports/baseball/stats,,low
Howard Payne,D3,ASC,https://hpuathletics.com,/sports/baseball/roster,/sports/baseball/stats,,low
Hunter,D3,CUNYAC,https://www.huntercollegeathletics.com,/sports/baseball/roster,/sports/baseball/stats,,low
Huntingdon,D3,USA South,https://huntingdonhawks.com,/sports/baseball/roster,/sports/baseball/stats,,low
Husson,D3,NAC,https://hussonathletics.com,/sports/baseball/roster,/sports/baseball/stats,,low
Illinois College,D3,Midwest,https://illinoiscollegeathletics.com,/sports/baseball/roster,/sports/baseball/stats,,low
Illinois Wesleyan,D3,CCIW,https://iwusports.com,/sports/baseball/roster,/sports/baseball/stats,,low
Immaculata,D3,CSAC,https://immaculataathletics.com,/sports/baseball/roster,/sports/baseball/stats,,low
Iowa Wesleyan,D3,SLIAC,https://iwtigers.com,/sports/baseball/roster,/sports/baseball/stats,,low
Ithaca,D3,Liberty League,https://ithacabombers.com,/sports/baseball/roster,/sports/baseball/stats,,low
John Carroll,D3,OAC,https://jcusports.com,/sports/baseball/roster,/sports/baseball/stats,,low
John Jay,D3,CUNYAC,https://johnjayathletics.com,/sports/baseball/roster,/sports/baseball/stats,,low
Johns Hopkins,D3,Centennial,https://hopkinssports.com,/sports/baseball/roster,/sports/baseball/stats,,low
Johnson & Wales,D3,GNAC,https://jwuathletics.com,/sports/baseball/roster,/sports/baseball/stats,,low
Johnson State,D3,NAC,https://jscathletics.com,/sports/baseball/roster,/sports/baseball/stats,,low
Johnson University,D3,SCAC,https://johnsonu.edu/athletics,/sports/baseball/roster,/sports/baseball/stats,,low
Juniata,D3,Landmark,https://juniataeagles.com,/sports/baseball/roster,/sports/baseball/stats,,low
Kalamazoo,D3,MIAA,https://kzoo.edu/athletics,/sports/baseball/roster,/sports/baseball/stats,,low
Kean,D3,NJAC,https://keancougars.com,/sports/baseball/roster,/sports/baseball/stats,,low
Keene State,D3,Little East,https://keeneowls.com,/sports/baseball/roster,/sports/baseball/stats,,low
Kenyon,D3,NCAC,https://kenyonlords.com,/sports/baseball/roster,/sports/baseball/stats,,low
Keuka,D3,NEAC,https://keukaathletics.com,/sports/baseball/roster,/sports/baseball/stats,,low
Keystone,D3,CSAC,https://kcgiants.com,/sports/baseball/roster,/sports/baseball/stats,,low
King's (PA),D3,MAC,https://kingsmonarchs.com,/sports/baseball/roster,/sports/baseball/stats,,low
Knox,D3,Midwest,https://prairiefire.knox.edu,/sports/baseball/roster,/sports/baseball/stats,,low
La Roche,D3,AMCC,https://www.larochesports.com,/sports/baseball/roster,/sports/baseball/stats,,low
La Verne,D3,SCIAC,https://laverneathletics.com,/sports/baseball/roster,/sports/baseball/stats,,low
LaGrange,D3,USA South,https://lagrangepanthers.com,/sports/baseball/roster,/sports/baseball/stats,,low
Lake Forest,D3,Midwest,https://goforesters.com,/sports/baseball/roster,/sports/baseball/stats,,low
Lakeland,D3,NACC,https://lakelandmuskies.com,/sports/baseball/roster,/sports/baseball/stats,,low
Lancaster Bible,D3,NEAC,https://lbcathletics.com,/sports/baseball/roster,/sports/baseball/stats,,low
Lasell,D3,GNAC,https://golaselllasers.com,/sports/baseball/roster,/sports/baseball/stats,,low
Lawrence,D3,Midwest,https://lawrencevikings.com,/sports/baseball/roster,/sports/baseball/stats,,low
LeTourneau,D3,ASC,https://letuyellowjackets.com,/sports/baseball/roster,/sports/baseball/stats,,low
Lebanon Valley,D3,MAC,https://lvcathletics.com,/sports/baseball/roster,/sports/baseball/stats,,low
Lehman,D3,CUNYAC,https://lehmanathletics.com,/sports/baseball/roster,/sports/baseball/stats,,low
Lewis & Clark,D3,NWC,https://lcpioneers.com,/sports/baseball/roster,/sports/baseball/stats,,low
Linfield,D3,NWC,https://linfieldsports.com,/sports/baseball/roster,/sports/baseball/stats,,low
Loras,D3,American Rivers,https://lorasduhawks.com,/sports/baseball/roster,/sports/baseball/stats,,low
Luther,D3,American Rivers,https://luthernorse.com,/sports/baseball/roster,/sports/baseball/stats,,low
Lycoming,D3,MAC,https://lycomingwarriors.com,/sports/baseball/roster,/sports/baseball/stats,,low
Lynchburg,D3,ODAC,https://lynchburgsports.com,/sports/baseball/roster,/sports/baseball/stats,,low
Lyndon State,D3,NAC,https://lyndonathletics.com,/sports/baseball/roster,/sports/baseball/stats,,low
MCLA,D3,MASCAC,https://athletics.mcla.edu,/sports/baseball/roster,/sports/baseball/stats,,low
MIT,D3,NEWMAC,https://mitathletics.com,/sports/baseball/roster,/sports/baseball/stats,,low
MSOE,D3,NACC,https://msoeathletics.com,/sports/baseball/roster,/sports/baseball/stats,,low
MSU New Jersey,D3,NJAC,https://msaborpathletics.com,/sports/baseball/roster,/sports/baseball/stats,,low
MacMurray,D3,SLIAC,https://macathletics.com,/sports/baseball/roster,/sports/baseball/stats,,low
Macalester,D3,MIAC,https://macalesterathletics.com,/sports/baseball/roster,/sports/baseball/stats,,low
Maine Maritime,D3,Independent,https://mainemaritime.edu/athletics,/sports/baseball/roster,/sports/baseball/stats,,low
Maine-Farmington,D3,NAC,https://umfathletics.com,/sports/baseball/roster,/sports/baseball/stats,,low
Maine-Presque Isle,D3,NAC,https://umpiathletics.com,/sports/baseball/roster,/sports/baseball/stats,,low
Manchester,D3,Heartland,https://manchesterspartans.com,/sports/baseball/roster,/sports/baseball/stats,,low
Marian (WI),D3,NACC,https://marianathletics.com,/sports/baseball/roster,/sports/baseball/stats,,low
Marietta,D3,OAC,https://mariettapioneers.com,/sports/baseball/roster,/sports/baseball/stats,,low
Maritime (NY),D3,Skyline,https://maritimeathletics.com,/sports/baseball/roster,/sports/baseball/stats,,low
Martin Luther,D3,UMAC,https://mlcknights.com,/sports/baseball/roster,/sports/baseball/stats,,low
Mary Hardin-Baylor,D3,ASC,https://umhbathletics.com,/sports/baseball/roster,/sports/baseball/stats,,low
Mary Washington,D3,CAC,https://umweagles.com,/sports/baseball/roster,/sports/baseball/stats,,low
Marymount (VA),D3,CAC,https://marymountsaints.com,/sports/baseball/roster,/sports/baseball/stats,,low
Maryville (TN),D3,USA South,https://mcscotsathletics.com,/sports/baseball/roster,/sports/baseball/stats,,low
Marywood,D3,CSAC,https://marywoodpacers.com,/sports/baseball/roster,/sports/baseball/stats,,low
Mass. Maritime,D3,Little East,https://mmabucs.com,/sports/baseball/roster,/sports/baseball/stats,,low
McDaniel,D3,Centennial,https://mcdanielathletics.com,/sports/baseball/roster,/sports/baseball/stats,,low
McMurry,D3,ASC,https://mcmurrysports.com,/sports/baseball/roster,/sports/baseball/stats,,low
Medaille,D3,AMCC,https://medailleathletics.com,/sports/baseball/roster,/sports/baseball/stats,,low
Medgar Evers,D3,CUNYAC,https://mecathletics.com,/sports/baseball/roster,/sports/baseball/stats,,low
Merchant Marine,D3,Independent,https://usmmasports.com,/sports/baseball/roster,/sports/baseball/stats,,low
Methodist,D3,USA South,https://methodistathletics.com,/sports/baseball/roster,/sports/baseball/stats,,low
Middlebury,D3,NESCAC,https://middleburyathletics.com,/sports/baseball/roster,/sports/baseball/stats,,low
Millikin,D3,CCIW,https://millikinbigblue.com,/sports/baseball/roster,/sports/baseball/stats,,low
Millsaps,D3,SAA,https://gomillsaps.com,/sports/baseball/roster,/sports/baseball/stats,,low
Minnesota Morris,D3,MIAC,https://morriscougars.com,/sports/baseball/roster,/sports/baseball/stats,,low
Misericordia,D3,MAC,https://misericordiacougars.com,/sports/baseball/roster,/sports/baseball/stats,,low
Mitchell,D3,GNAC,https://mitchellathletics.com,/sports/baseball/roster,/sports/baseball/stats,,low
Monmouth (IL),D3,Midwest,https://monmouthscots.com,/sports/baseball/roster,/sports/baseball/stats,,low
Montclair State,D3,NJAC,https://montclairathletics.com,/sports/baseball/roster,/sports/baseball/stats,,low
Moravian,D3,Landmark,https://moraviansports.com,/sports/baseball/roster,/sports/baseball/stats,,low
Morrisville State,D3,NEAC,https://msvmustangs.com,/sports/baseball/roster,/sports/baseball/stats,,low
Mount Aloysius,D3,AMCC,https://mountaloysiusathletics.com,/sports/baseball/roster,/sports/baseball/stats,,low
Mount Saint Mary (NY),D3,Skyline,https://msmcknights.com,/sports/baseball/roster,/sports/baseball/stats,,low
Mount Saint Vincent,D3,Skyline,https://msmcknights.com,/sports/baseball/roster,/sports/baseball/stats,,low
Mount St. Joseph,D3,Heartland,https://msjlions.com,/sports/baseball/roster,/sports/baseball/stats,,low
Mount Union,D3,OAC,https://mountunionathletics.com,/sports/baseball/roster,/sports/baseball/stats,,low
Muhlenberg,D3,Centennial,https://muhlenbergsports.com,/sports/baseball/roster,/sports/baseball/stats,,low
Muskingum,D3,OAC,https://muskingumfighting.com,/sports/baseball/roster,/sports/baseball/stats,,low
N.C. Wesleyan,D3,USA South,https://ncwsports.com,/sports/baseball/roster,/sports/baseball/stats,,low
NYU,D3,UAA,https://gonyuathletics.com,/sports/baseball/roster,/sports/baseball/stats,,low
Nazareth,D3,Empire 8,https://nazathletics.com,/sports/baseball/roster,/sports/baseball/stats,,low
Nebraska Wesleyan,D3,American Rivers,https://nwusports.com,/sports/baseball/roster,/sports/baseball/stats,,low
Neumann,D3,CSAC,https://neumannathletics.com,/sports/baseball/roster,/sports/baseball/stats,,low
New England College,D3,GNAC,https://necpilgrims.com,/sports/baseball/roster,/sports/baseball/stats,,low
New Jersey City,D3,NJAC,https://njcugothicknights.com,/sports/baseball/roster,/sports/baseball/stats,,low
New Paltz,D3,SUNYAC,https://newpaltzathletics.com,/sports/baseball/roster,/sports/baseball/stats,,low
Nichols,D3,CCC,https://nicholsathletics.com,/sports/baseball/roster,/sports/baseball/stats,,low
North Central (IL),D3,CCIW,https://northcentralcardinals.com,/sports/baseball/roster,/sports/baseball/stats,,low
North Park,D3,CCIW,https://northparkvikings.com,/sports/baseball/roster,/sports/baseball/stats,,low
Northern Vermont-Johnson,D3,NAC,https://nvuathletics.com,/sports/baseball/roster,/sports/baseball/stats,,low
Northland,D3,UMAC,https://northlandathletics.com,/sports/baseball/roster,/sports/baseball/stats,,low
Northwestern (MN),D3,UMAC,https://unweagles.com,/sports/baseball/roster,/sports/baseball/stats,,low
Norwich,D3,GNAC,https://norwichathletics.com,/sports/baseball/roster,/sports/baseball/stats,,low
Notre Dame (MD),D3,CSAC,https://notredamegators.com,/sports/baseball/roster,/sports/baseball/stats,,low
Oberlin,D3,NCAC,https://goyeo.com,/sports/baseball/roster,/sports/baseball/stats,,low
Occidental,D3,SCIAC,https://oxyathletics.com,/sports/baseball/roster,/sports/baseball/stats,,low
Oglethorpe,D3,SAA,https://oglethorpeathletics.com,/sports/baseball/roster,/sports/baseball/stats,,low
Ohio Dominican,D3,OAC,https://ohiodominicansports.com,/sports/baseball/roster,/sports/baseball/stats,,low
Ohio Northern,D3,OAC,https://onusports.com,/sports/baseball/roster,/sports/baseball/stats,,low
Ohio Wesleyan,D3,NCAC,https://battlingbishops.com,/sports/baseball/roster,/sports/baseball/stats,,low
Old Westbury,D3,Skyline,https://oldwestburypanthers.com,/sports/baseball/roster,/sports/baseball/stats,,low
Olivet,D3,MIAA,https://olivetathletics.com,/sports/baseball/roster,/sports/baseball/stats,,low
Oneonta,D3,SUNYAC,https://oneontaathletics.com,/sports/baseball/roster,/sports/baseball/stats,,low
Oswego,D3,SUNYAC,https://oswegoathletics.com,/sports/baseball/roster,/sports/baseball/stats,,low
Otterbein,D3,OAC,https://otterbeincardinals.com,/sports/baseball/roster,/sports/baseball/stats,,low
Ozarks,D3,SCAC,https://ozarkseagles.com,/sports/baseball/roster,/sports/baseball/stats,,low
Ozarks (AR),D3,ASC,https://ozarkseagles.com,/sports/baseball/roster,/sports/baseball/stats,,low
Pacific (OR),D3,NWC,https://goboxers.com,/sports/baseball/roster,/sports/baseball/stats,,low
Pacific Lutheran,D3,NWC,https://golutes.com,/sports/baseball/roster,/sports/baseball/stats,,low
Penn State Abington,D3,NEAC,https://abingtonsports.com,/sports/baseball/roster,/sports/baseball/stats,,low
Penn State Altoona,D3,AMCC,https://www.psaltoonalions.com,/sports/baseball/roster,/sports/baseball/stats,,low
Penn State Behrend,D3,AMCC,https://psblions.com,/sports/baseball/roster,/sports/baseball/stats,,low
Penn State Berks,D3,NEAC,https://berksnittanylions.com,/sports/baseball/roster,/sports/baseball/stats,,low
Penn State Harrisburg,D3,NEAC,https://harrisburgathletics.com,/sports/baseball/roster,/sports/baseball/stats,,low
Pfeiffer,D3,USA South,https://pfeifferfalcons.com,/sports/baseball/roster,/sports/baseball/stats,,low
Piedmont,D3,USA South,https://piedmontlions.com,/sports/baseball/roster,/sports/baseball/stats,,low
Pitt-Bradford,D3,AMCC,https://athletics.pittbradford.org,/sports/baseball/roster,/sports/baseball/stats,,low
Pitt-Greensburg,D3,AMCC,https://pittgreensburgathletics.com,/sports/baseball/roster,/sports/baseball/stats,,low
Plattsburgh,D3,SUNYAC,https://plattsburghcardinals.com,/sports/baseball/roster,/sports/baseball/stats,,low
Plymouth State,D3,Little East,https://athletics.plymouth.edu,/sports/baseball/roster,/sports/baseball/stats,,low
Pomona-Pitzer,D3,SCIAC,https://sagehens.com,/sports/baseball/roster,/sports/baseball/stats,,low
Potsdam,D3,SUNYAC,https://potsdambears.com,/sports/baseball/roster,/sports/baseball/stats,,low
Presentation,D3,UMAC,https://presentationsaints.com,/sports/baseball/roster,/sports/baseball/stats,,low
Principia,D3,SLIAC,https://principiaathletics.com,/sports/baseball/roster,/sports/baseball/stats,,low
Puget Sound,D3,NWC,https://loggerathletics.com,/sports/baseball/roster,/sports/baseball/stats,,low
Purchase,D3,Skyline,https://purchaseathletics.com,/sports/baseball/roster,/sports/baseball/stats,,low
RIT,D3,Liberty League,https://ritathletics.com,/sports/baseball/roster,/sports/baseball/stats,,low
RPI,D3,Liberty League,https://rpiathletics.com,/sports/baseball/roster,/sports/baseball/stats,,low
Ramapo,D3,NJAC,https://ramapoathletics.com,/sports/baseball/roster,/sports/baseball/stats,,low
Randolph,D3,ODAC,https://randolphwildcats.com,/sports/baseball/roster,/sports/baseball/stats,,low
Randolph-Macon,D3,ODAC,https://rmcathletics.com,/sports/baseball/roster,/sports/baseball/stats,,low
Redlands,D3,SCIAC,https://goredlands.com,/sports/baseball/roster,/sports/baseball/stats,,low
Rensselaer,D3,Liberty League,https://rpiathletics.com,/sports/baseball/roster,/sports/baseball/stats,,low
Rhode Island College,D3,Little East,http://goanchormen.com,/sports/baseball/roster,/sports/baseball/stats,,low
Rhodes,D3,SAA,https://rhodeslynx.com,/sports/baseball/roster,/sports/baseball/stats,,low
Ripon,D3,Midwest,https://riponredhawks.com,/sports/baseball/roster,/sports/baseball/stats,,low
Roanoke,D3,ODAC,https://roanokemaroons.com,/sports/baseball/roster,/sports/baseball/stats,,low
Rochester,D3,UAA,https://uofrathletics.com,/sports/baseball/roster,/sports/baseball/stats,,low
Rochester (NY),D3,Liberty League,https://uofrathletics.com,/sports/baseball/roster,/sports/baseball/stats,,low
Rockford,D3,NACC,https://rockfordregents.com,/sports/baseball/roster,/sports/baseball/stats,,low
Roger Williams,D3,CCC,https://rwuhawks.com,/sports/baseball/roster,/sports/baseball/stats,,low
Rose-Hulman,D3,Heartland,https://rosehulmanathletics.com,/sports/baseball/roster,/sports/baseball/stats,,low
Rosemont,D3,CSAC,https://rosemontathletics.com,/sports/baseball/roster,/sports/baseball/stats,,low
Rowan,D3,NJAC,https://rowanprofs.com,/sports/baseball/roster,/sports/baseball/stats,,low
Rutgers-Camden,D3,NJAC,https://rutgerscamdenathletics.com,/sports/baseball/roster,/sports/baseball/stats,,low
Rutgers-Newark,D3,NJAC,https://rutgersnewark.com,/sports/baseball/roster,/sports/baseball/stats,,low
SUNY Canton,D3,NEAC,https://cantonroos.com,/sports/baseball/roster,/sports/baseball/stats,,low
SUNY Cobleskill,D3,NEAC,https://cobleskillsports.com,/sports/baseball/roster,/sports/baseball/stats,,low
SUNY Delhi,D3,NEAC,https://delhisports.com,/sports/baseball/roster,/sports/baseball/stats,,low
SUNY Maritime,D3,Skyline,https://sunymaritimeathletics.com,/sports/baseball/roster,/sports/baseball/stats,,low
SUNY Old Westbury,D3,Skyline,https://oldwestburypanthers.com,/sports/baseball/roster,/sports/baseball/stats,,low
SUNY Poly,D3,NEAC,https://sunypoly.edu/athletics,/sports/baseball/roster,/sports/baseball/stats,,low
Sage,D3,Empire 8,https://sageathletics.com,/sports/baseball/roster,/sports/baseball/stats,,low
Saint Mary's (MI),D3,MIAA,https://smarycardinals.com,/sports/baseball/roster,/sports/baseball/stats,,low
Saint Mary's (MN),D3,MIAC,https://smucardinals.com,/sports/baseball/roster,/sports/baseball/stats,,low
Saint Vincent,D3,PAC,https://athletics.stvincent.edu,/sports/baseball/roster,/sports/baseball/stats,,low
Salem State,D3,MASCAC,https://salemstatevikings.com,/sports/baseball/roster,/sports/baseball/stats,,low
Salisbury,D3,CAC,https://salisburysports.com,/sports/baseball/roster,/sports/baseball/stats,,low
Salve Regina,D3,CCC,https://salveathletics.com,/sports/baseball/roster,/sports/baseball/stats,,low
Schreiner,D3,SCAC,https://schreinerathletics.com,/sports/baseball/roster,/sports/baseball/stats,,low
Scranton,D3,Landmark,https://goroyal.com,/sports/baseball/roster,/sports/baseball/stats,,low
Sewanee,D3,SAA,https://sewaneetigers.com,/sports/baseball/roster,/sports/baseball/stats,,low
Shenandoah,D3,ODAC,https://suhornets.com,/sports/baseball/roster,/sports/baseball/stats,,low
Simpson,D3,American Rivers,https://simpsonathletics.com,/sports/baseball/roster,/sports/baseball/stats,,low
Skidmore,D3,Liberty League,https://skidmoreathletics.com,/sports/baseball/roster,/sports/baseball/stats,,low
Southern Maine,D3,Little East,https://southernmainehuskies.com,/sports/baseball/roster,/sports/baseball/stats,,low
Southern Vermont,D3,Independent,https://svceagles.com,/sports/baseball/roster,/sports/baseball/stats,,low
Southern Virginia,D3,CAC,https://svuknights.com,/sports/baseball/roster,/sports/baseball/stats,,low
Southwestern (TX),D3,SCAC,https://southwesternpirates.com,/sports/baseball/roster,/sports/baseball/stats,,low
Spalding,D3,SLIAC,https://spaldingathletics.com,/sports/baseball/roster,/sports/baseball/stats,,low
Springfield,D3,NEWMAC,https://springfieldcollege.edu/athletics,/sports/baseball/roster,/sports/baseball/stats,,low
St. John Fisher,D3,Empire 8,https://sjfcathletics.com,/sports/baseball/roster,/sports/baseball/stats,,low
St. John's (MN),D3,MIAC,https://gojohnnies.com,/sports/baseball/roster,/sports/baseball/stats,,low
St. Joseph's (Brooklyn),D3,Skyline,https://sjbkathletics.com,/sports/baseball/roster,/sports/baseball/stats,,low
St. Joseph's (LI),D3,Skyline,https://sjliathletics.com,/sports/baseball/roster,/sports/baseball/stats,,low
St. Lawrence,D3,Liberty League,https://saintsathletics.com,/sports/baseball/roster,/sports/baseball/stats,,low
St. Mary's (MD),D3,CAC,https://smcmsports.com,/sports/baseball/roster,/sports/baseball/stats,,low
St. Norbert,D3,Midwest,https://sncsports.com,/sports/baseball/roster,/sports/baseball/stats,,low
St. Olaf,D3,MIAC,https://stolaf.edu/athletics,/sports/baseball/roster,/sports/baseball/stats,,low
St. Scholastica,D3,UMAC,https://csssaints.com,/sports/baseball/roster,/sports/baseball/stats,,low
St. Thomas (MN),D3,MIAC,https://tommiesports.com,/sports/baseball/roster,/sports/baseball/stats,,low
Staten Island,D3,CUNYAC,https://csidolphins.com,/sports/baseball/roster,/sports/baseball/stats,,low
Stevens,D3,Empire 8,https://stevensathletics.com,/sports/baseball/roster,/sports/baseball/stats,,low
Stevenson,D3,MAC,https://stevensonathletics.com,/sports/baseball/roster,/sports/baseball/stats,,low
Stockton,D3,NJAC,https://stocktonathletics.com,/sports/baseball/roster,/sports/baseball/stats,,low
Suffolk,D3,GNAC,https://suffolkrams.com,/sports/baseball/roster,/sports/baseball/stats,,low
Sul Ross State,D3,ASC,https://srsathletics.com,/sports/baseball/roster,/sports/baseball/stats,,low
Susquehanna,D3,Landmark,https://susquathletics.com,/sports/baseball/roster,/sports/baseball/stats,,low
Swarthmore,D3,Centennial,https://swarthmoreathletics.com,/sports/baseball/roster,/sports/baseball/stats,,low
TCNJ,D3,NJAC,https://tcnjlions.com,/sports/baseball/roster,/sports/baseball/stats,,low
Texas Lutheran,D3,SCAC,https://tlubulldogs.com,/sports/baseball/roster,/sports/baseball/stats,,low
Thiel,D3,PAC,https://thielathletics.com,/sports/baseball/roster,/sports/baseball/stats,,low
Thomas (ME),D3,Independent,https://thomasterriers.com,/sports/baseball/roster,/sports/baseball/stats,,low
Thomas College,D3,NAC,https://athletics.thomas.edu,/sports/baseball/roster,/sports/baseball/stats,,low
Thomas More,D3,PAC,https://thomasmoresports.com,/sports/baseball/roster,/sports/baseball/stats,,low
Transylvania,D3,Heartland,https://transyathletics.com,/sports/baseball/roster,/sports/baseball/stats,,low
Trine,D3,MIAA,https://trinethunder.com,/sports/baseball/roster,/sports/baseball/stats,,low
Trinity (CT),D3,NESCAC,https://bantamsports.com,/sports/baseball/roster,/sports/baseball/stats,,low
Trinity (TX),D3,SCAC,https://trinitytigers.com,/sports/baseball/roster,/sports/baseball/stats,,low
Tufts,D3,NESCAC,https://gotuftsjumbos.com,/sports/baseball/roster,/sports/baseball/stats,,low
UMass Boston,D3,Little East,https://beaconsathletics.com,/sports/baseball/roster,/sports/baseball/stats,,low
UMass Dartmouth,D3,Little East,https://corsairathletics.com,/sports/baseball/roster,/sports/baseball/stats,,low
UNE,D3,CCC,https://uneathletics.com,/sports/baseball/roster,/sports/baseball/stats,,low
UT Dallas,D3,ASC,https://utdcomets.com,/sports/baseball/roster,/sports/baseball/stats,,low
UT Tyler,D3,ASC,https://uttylerpatriots.com,/sports/baseball/roster,/sports/baseball/stats,,low
UW-Eau Claire,D3,WIAC,https://uwecblugolds.com,/sports/baseball/roster,/sports/baseball/stats,,low
UW-La Crosse,D3,WIAC,https://uwlathletics.com,/sports/baseball/roster,/sports/baseball/stats,,low
UW-Oshkosh,D3,WIAC,https://uwoshkoshtitans.com,/sports/baseball/roster,/sports/baseball/stats,,low
UW-Platteville,D3,WIAC,https://letsgopioneers.com,/sports/baseball/roster,/sports/baseball/stats,,low
UW-River Falls,D3,WIAC,https://uwrfsports.com,/sports/baseball/roster,/sports/baseball/stats,,low
UW-Stevens Point,D3,WIAC,https://athletics.uwsp.edu,/sports/baseball/roster,/sports/baseball/stats,,low
UW-Stout,D3,WIAC,https://stoutbluedevils.com,/sports/baseball/roster,/sports/baseball/stats,,low
UW-Superior,D3,WIAC,https://uwsyellowjackets.com,/sports/baseball/roster,/sports/baseball/stats,,low
UW-Whitewater,D3,WIAC,https://uwwsports.com,/sports/baseball/roster,/sports/baseball/stats,,low
Union (NY),D3,Liberty League,https://unionathletics.com,/sports/baseball/roster,/sports/baseball/stats,,low
Upper Iowa,D3,American Rivers,https://uiupeacocks.com,/sports/baseball/roster,/sports/baseball/stats,,low
Ursinus,D3,Centennial,https://ursinusathletics.com,/sports/baseball/roster,/sports/baseball/stats,,low
Utica,D3,Empire 8,https://uticapioneers.com,/sports/baseball/roster,/sports/baseball/stats,,low
Vassar,D3,Liberty League,https://vassarathletics.com,/sports/baseball/roster,/sports/baseball/stats,,low
Virginia Wesleyan,D3,ODAC,https://vwuathletics.com,/sports/baseball/roster,/sports/baseball/stats,,low
WPI,D3,NEWMAC,https://athletics.wpi.edu,/sports/baseball/roster,/sports/baseball/stats,,low
Wabash,D3,NCAC,https://sports.wabash.edu,/sports/baseball/roster,/sports/baseball/stats,,low
Wartburg,D3,American Rivers,https://wartburgsports.com,/sports/baseball/roster,/sports/baseball/stats,,low
Wash U,D3,UAA,https://washubears.com,/sports/baseball/roster,/sports/baseball/stats,,low
Washington & Jefferson,D3,PAC,https://gopresidents.com,/sports/baseball/roster,/sports/baseball/stats,,low
Washington College,D3,Centennial,https://washingtoncollegesports.com,/sports/baseball/roster,/sports/baseball/stats,,low
Washington and Lee,D3,ODAC,https://generalssports.com,/sports/baseball/roster,/sports/baseball/stats,,low
Waynesburg,D3,PAC,https://waynesburgsports.com,/sports/baseball/roster,/sports/baseball/stats,,low
Webster,D3,SLIAC,https://websterathletics.com,/sports/baseball/roster,/sports/baseball/stats,,low
Wells,D3,NEAC,https://wellsathletics.com,/sports/baseball/roster,/sports/baseball/stats,,low
Wentworth,D3,CCC,https://wentworthathletics.com,/sports/baseball/roster,/sports/baseball/stats,,low
Wesleyan,D3,NESCAC,https://athletics.wesleyan.edu,/sports/baseball/roster,/sports/baseball/stats,,low
Wesleyan (CT),D3,NESCAC,https://athletics.wesleyan.edu,/sports/baseball/roster,/sports/baseball/stats,,low
Western Connecticut,D3,Little East,https://westconnathletics.com,/sports/baseball/roster,/sports/baseball/stats,,low
Western New England,D3,CCC,https://wnegoldenbears.com,/sports/baseball/roster,/sports/baseball/stats,,low
Westfield State,D3,MASCAC,https://westfieldstateowls.com,/sports/baseball/roster,/sports/baseball/stats,,low
Westminster (MO),D3,UMAC,https://westminsterbluejays.com,/sports/baseball/roster,/sports/baseball/stats,,low
Westminster (PA),D3,PAC,https://westminstertitans.com,/sports/baseball/roster,/sports/baseball/stats,,low
Wheaton (IL),D3,CCIW,https://wheatonthunder.com,/sports/baseball/roster,/sports/baseball/stats,,low
Wheaton (MA),D3,NEWMAC,https://wheatoncollegelyons.com,/sports/baseball/roster,/sports/baseball/stats,,low
Whitman,D3,NWC,https://whitmanathletics.com,/sports/baseball/roster,/sports/baseball/stats,,low
Whittier,D3,SCIAC,https://wcpoets.com,/sports/baseball/roster,/sports/baseball/stats,,low
Whitworth,D3,NWC,https://whitworthpirates.com,/sports/baseball/roster,/sports/baseball/stats,,low
Widener,D3,MAC,https://widenerathletics.com,/sports/baseball/roster,/sports/baseball/stats,,low
Wilkes,D3,MAC,https://wilkesathletics.com,/sports/baseball/roster,/sports/baseball/stats,,low
Willamette,D3,NWC,https://willamettesports.com,/sports/baseball/roster,/sports/baseball/stats,,low
William Paterson,D3,NJAC,https://www.wpupioneers.com,/sports/baseball/roster,/sports/baseball/stats,,low
William Peace,D3,USA South,https://pacersports.com,/sports/baseball/roster,/sports/baseball/stats,,low
Williams,D3,NESCAC,https://ephsports.williams.edu,/sports/baseball/roster,/sports/baseball/stats,,low
Wilmington (OH),D3,OAC,https://wilmingtonquakers.com,/sports/baseball/roster,/sports/baseball/stats,,low
Wilson,D3,CSAC,https://wilsonphoenix.com,/sports/baseball/roster,/sports/baseball/stats,,low
Wisconsin Lutheran,D3,UMAC,https://wlcwarriors.com,/sports/baseball/roster,/sports/baseball/stats,,low
Wittenberg,D3,NCAC,https://wittenbergtigers.com,/sports/baseball/roster,/sports/baseball/stats,,low
Wooster,D3,NCAC,https://woosterathletics.com,/sports/baseball/roster,/sports/baseball/stats,,low
Worcester State,D3,MASCAC,https://www.wsulancers.com,/sports/baseball/roster,/sports/baseball/stats,,low
Yeshiva,D3,Skyline,https://yumacs.com,/sports/baseball/roster,/sports/baseball/stats,,low
York (PA),D3,CAC,https://ycp.edu/athletics,/sports/baseball/roster,/sports/baseball/stats,,low
York College (NY),D3,CUNYAC,https://yorkathletics.com,/sports/baseball/roster,/sports/baseball/stats,,low
